Datetime;P;L;T
01.01.01 0:00:20;973,1;30,127;22,878
01.01.01 0:00:30;1014,7;30,752;25,951
01.01.01 0:00:40;979;31,214;28,08
01.01.01 0:00:50;978,2;32,662;29,89
01.01.01 0:01:00;1012;32,007;31,742
01.01.01 0:01:10;991;30,649;32,733
01.01.01 0:01:20;1010,7;31,295;36,362
01.01.01 0:01:30;1023;30,788;37,818
01.01.01 0:01:40;1030,5;30,748;39,149
01.01.01 0:01:50;1004,6;31,409;42,322
01.01.01 0:02:00;1012,5;29,883;44,26
01.01.01 0:02:10;1026,9;31,358;45,334
01.01.01 0:02:20;992,6;31,758;46,262
01.01.01 0:02:30;1008,4;30,872;50,246
01.01.01 0:02:40;978,9;31,092;49,631
01.01.01 0:02:50;999,8;32,704;53,092
01.01.01 0:03:00;1022,4;30,841;55,033
01.01.01 0:03:10;1016,6;32,315;55,769
01.01.01 0:03:20;1032,2;30,814;56,82
01.01.01 0:03:30;1025,1;31,414;61,511
01.01.01 0:03:40;987,4;30,693;60,591
01.01.01 0:03:50;987,4;31,659;64,94
01.01.01 0:04:00;998,9;30,436;64,933
01.01.01 0:04:10;1002,3;30,823;67,917
01.01.01 0:04:20;981,8;31,286;70,149
01.01.01 0:04:30;1011,7;31,672;70,296
01.01.01 0:04:40;1023,4;32,638;74,045
01.01.01 0:04:50;990,3;31,418;74,484
01.01.01 0:05:00;1003;32,627;76,521
01.01.01 0:05:10;984,4;31,15;75,135
01.01.01 0:05:20;1023,7;29,821;80,245
01.01.01 0:05:30;1034,8;29,966;78,585
01.01.01 0:05:40;1014,7;31,096;81,034
01.01.01 0:05:50;1032,9;31,906;82,12
01.01.01 0:06:00;982,1;31,53;83,011
01.01.01 0:06:10;995,9;30,372;87,538
01.01.01 0:06:20;987,7;30,622;88,516
01.01.01 0:06:30;1027,3;32,206;89,495
01.01.01 0:06:40;1006;32,687;88,341
01.01.01 0:06:50;978,6;30,947;93,328
01.01.01 0:07:00;985,4;30,704;96,016
01.01.01 0:07:10;1012,4;30,926;96,332
01.01.01 0:07:20;1038,1;31,208;97,505
01.01.01 0:07:30;997,4;29,799;98,347
01.01.01 0:07:40;980,4;31,215;98,223
01.01.01 0:07:50;3,2;9,553;99,58
01.01.01 0:08:00;8,1;9,786;98,246
01.01.01 0:08:10;3,2;9,46;97,312
01.01.01 0:08:20;0,8;9,435;97,915
01.01.01 0:08:30;3,4;9,39;95,631
01.01.01 0:08:40;9,3;9,807;93,122
01.01.01 0:08:50;3,6;9,296;94,129
01.01.01 0:09:00;1,2;9,549;94,071
01.01.01 0:09:10;9,6;9,034;91,056
01.01.01 0:09:20;8;9,044;89,05
01.01.01 0:09:30;1,4;9,746;91,439
01.01.01 0:09:40;9,4;9,456;87,719
01.01.01 0:09:50;6,1;9,789;86,763
01.01.01 0:10:00;9,5;9,445;86,891
01.01.01 0:10:10;4,1;9,199;85,672
01.01.01 0:10:20;1,8;9,103;82,364
01.01.01 0:10:30;1,1;9,616;83,935
01.01.01 0:10:40;3;9,424;83,031
01.01.01 0:10:50;2,5;9,719;82,309
01.01.01 0:11:00;2,7;9,106;83,241
01.01.01 0:11:10;5,9;9,409;81,871
01.01.01 0:11:20;0,7;9,271;78,89
01.01.01 0:11:30;11,8;9,101;76,785
01.01.01 0:11:40;1,9;9,524;78,493
01.01.01 0:11:50;5,7;9,682;76,811
01.01.01 0:12:00;2,9;9,136;76,531
01.01.01 0:12:10;11,8;9,322;74,331
01.01.01 0:12:20;5,9;8,992;76,974
01.01.01 0:12:30;1,4;9,636;74,622
01.01.01 0:12:40;11,3;9,711;73,066
01.01.01 0:12:50;1,9;9,069;72,032
01.01.01 0:13:00;0,3;9,127;72,785
01.01.01 0:13:10;3,6;9,246;71,801
01.01.01 0:13:20;0,2;9,203;70,289
01.01.01 0:13:30;11,8;9,416;68,982
01.01.01 0:13:40;7;9,234;68,756
01.01.01 0:13:50;10,1;9,019;68,418
01.01.01 0:14:00;7,2;9,29;69,817
01.01.01 0:14:10;0,9;9,25;65,602
01.01.01 0:14:20;9;9,504;67,304
01.01.01 0:14:30;1,2;9,684;66,301
01.01.01 0:14:40;8;9,736;63,91
01.01.01 0:14:50;9,5;9,302;66,019
01.01.01 0:15:00;0,3;9,144;62,118
01.01.01 0:15:10;9,2;9,47;61,464
01.01.01 0:15:20;3,3;9,537;62,377
01.01.01 0:15:30;8,5;9,413;62,257
01.01.01 0:15:40;0,5;9,736;62,472
01.01.01 0:15:50;11,3;8,948;59,962
01.01.01 0:16:00;7,1;8,995;61,517
01.01.01 0:16:10;2,2;9,507;59,991
01.01.01 0:16:20;10;8,965;58,341
01.01.01 0:16:30;7,9;8,956;56,718
01.01.01 0:16:40;9;9,695;56,696
01.01.01 0:16:50;6,3;9,449;57,764
01.01.01 0:17:00;11,6;9,5;55,947
01.01.01 0:17:10;1,1;9,397;55,12
01.01.01 0:17:20;5,6;9,501;55,616
01.01.01 0:17:30;8,5;9,119;55,652
01.01.01 0:17:40;7,5;8,973;52,773
01.01.01 0:17:50;11,7;9,759;53,664
01.01.01 0:18:00;5,4;9,558;52,378
01.01.01 0:18:10;1,6;9,287;52,802
01.01.01 0:18:20;8,5;9,37;51,387
01.01.01 0:18:30;7,6;62,215;51,968
01.01.01 0:18:40;7,1;64,146;51,703
01.01.01 0:18:50;6,1;59,449;51,632
01.01.01 0:19:00;10,3;61,935;51,079
01.01.01 0:19:10;11,4;65,355;49,992
01.01.01 0:19:20;4,1;65,304;49,676
01.01.01 0:19:30;4;60,322;49,298
01.01.01 0:19:40;0,9;65,162;49,033
01.01.01 0:19:50;3,6;63,531;46,645
01.01.01 0:20:00;2,9;59,683;48,578
01.01.01 0:20:10;11,7;62,884;47,389
01.01.01 0:20:20;8,3;59,571;46,419
01.01.01 0:20:30;9,8;62,918;44,514
01.01.01 0:20:40;7,9;63,439;44,895
01.01.01 0:20:50;1371,6;65,454;46,196
01.01.01 0:21:00;1367,8;61,031;48,085
01.01.01 0:21:10;1380,8;63,132;48,008
01.01.01 0:21:20;1362,7;60,461;50,898
01.01.01 0:21:30;1334;62,114;49,645
01.01.01 0:21:40;1337,8;60,964;53,316
01.01.01 0:21:50;1375,6;60,696;51,953
01.01.01 0:22:00;1372,5;65,411;53,585
01.01.01 0:22:10;1331;62,834;56,427
01.01.01 0:22:20;1375,4;59,399;57,745
01.01.01 0:22:30;1301,5;61,254;56,664
01.01.01 0:22:40;1314,9;63,97;56,73
01.01.01 0:22:50;1339,4;64,237;59,974
01.01.01 0:23:00;1369,4;60,608;61,255
01.01.01 0:23:10;1351,5;64,96;61,336
01.01.01 0:23:20;1331,1;60,618;62,209
01.01.01 0:23:30;1376,8;62,845;62,154
01.01.01 0:23:40;1335,8;65,158;65,541
01.01.01 0:23:50;1386,8;63,961;64,562
01.01.01 0:24:00;1361,8;61,885;64,324
01.01.01 0:24:10;1339,6;61,327;67,157
01.01.01 0:24:20;1311,9;63,646;67,711
01.01.01 0:24:30;1367,6;60,217;70,543
01.01.01 0:24:40;1338,8;62,139;71,404
01.01.01 0:24:50;1369,8;63,958;70,653
01.01.01 0:25:00;1329,1;65,103;71,296
01.01.01 0:25:10;1359,3;65,565;73,859
01.01.01 0:25:20;1372,9;60,25;72,813
01.01.01 0:25:30;1371,8;61,578;72,867
01.01.01 0:25:40;1359,2;63,242;74,825
01.01.01 0:25:50;1314,4;65,311;76,698
01.01.01 0:26:00;1378,3;64,913;78,516
01.01.01 0:26:10;1322,1;59,665;76,796
01.01.01 0:26:20;1306,3;64,681;76,042
01.01.01 0:26:30;1343,1;60,891;78,093
01.01.01 0:26:40;1340,1;63,855;80,28
01.01.01 0:26:50;1340,9;63,3;77,93
01.01.01 0:27:00;1344,4;61,235;79,107
01.01.01 0:27:10;1312,3;63,73;80,063
01.01.01 0:27:20;1321,4;61,359;82,674
01.01.01 0:27:30;1333,9;59,673;84,257
01.01.01 0:27:40;1377,7;62,911;83,625
01.01.01 0:27:50;1366,1;60,625;84,332
01.01.01 0:28:00;1318,8;61,683;83,629
01.01.01 0:28:10;1364,3;62,354;88,796
01.01.01 0:28:20;1373;65,195;89,036
01.01.01 0:28:30;1319,3;64,478;89,915
01.01.01 0:28:40;1308;63,569;86,457
01.01.01 0:28:50;1378,9;59,578;90,969
01.01.01 0:29:00;1320,7;64,349;87,921
01.01.01 0:29:10;1308,4;64,614;91,666
01.01.01 0:29:20;1346,8;59,681;93,597
01.01.01 0:29:30;1301,4;62,68;93,343
01.01.01 0:29:40;1351;60,405;91,275
01.01.01 0:29:50;1303,3;59,995;91,538
01.01.01 0:30:00;1350,1;59,879;93,449
01.01.01 0:30:10;1319,1;59,785;93,205
01.01.01 0:30:20;1344,1;65,34;96,111
01.01.01 0:30:30;1343,7;65,382;95,703
01.01.01 0:30:40;1324,4;61,178;94,599
01.01.01 0:30:50;1378,5;60,474;94,474
01.01.01 0:31:00;1328;63,252;96,27
01.01.01 0:31:10;1316,7;65,466;99,106
01.01.01 0:31:20;1340,9;61,651;99,034
01.01.01 0:31:30;2,4;60,974;99,815
01.01.01 0:31:40;12;65,536;99,115
01.01.01 0:31:50;0,4;62,949;95,976
01.01.01 0:32:00;9,9;64,814;95,733
01.01.01 0:32:10;3,2;63,992;91,247
01.01.01 0:32:20;4,9;36,359;94,638
01.01.01 0:32:30;6,3;39,076;91,384
01.01.01 0:32:40;9,3;38,827;91,984
01.01.01 0:32:50;7,9;35,868;87,599
01.01.01 0:33:00;0,8;38,268;89,546
01.01.01 0:33:10;11,7;35,898;86,83
01.01.01 0:33:20;6,9;37,74;88,634
01.01.01 0:33:30;3,5;38,783;84,966
01.01.01 0:33:40;9,7;37,371;83,521
01.01.01 0:33:50;0,5;36,737;86,941
01.01.01 0:34:00;9,5;38,17;86,132
01.01.01 0:34:10;0,8;39,37;84,269
01.01.01 0:34:20;2,1;38,031;82,031
01.01.01 0:34:30;10;38,142;83,606
01.01.01 0:34:40;1,3;39,017;80,047
01.01.01 0:34:50;2,4;37,927;80,316
01.01.01 0:35:00;6,7;37,701;80,513
01.01.01 0:35:10;0,5;38,698;80,7
01.01.01 0:35:20;10,9;38,547;78,18
01.01.01 0:35:30;8,5;36,173;78,784
01.01.01 0:35:40;6,9;36,567;78,219
01.01.01 0:35:50;0,3;37,488;73,817
01.01.01 0:36:00;2;37,762;74,783
01.01.01 0:36:10;4,2;38,685;74,926
01.01.01 0:36:20;0,9;38,909;71,171
01.01.01 0:36:30;2,5;38,011;73,121
01.01.01 0:36:40;8,6;35,86;70,963
01.01.01 0:36:50;9,9;38,638;72,431
01.01.01 0:37:00;9,3;37,262;71,183
01.01.01 0:37:10;8,3;37,68;69,869
01.01.01 0:37:20;7,9;36,765;69,232
01.01.01 0:37:30;2,6;38,939;69,75
01.01.01 0:37:40;10,4;39,269;68,361
01.01.01 0:37:50;9,4;36,634;68,43
01.01.01 0:38:00;4,4;36,354;66,397
01.01.01 0:38:10;3,7;37,268;64,387
01.01.01 0:38:20;3;37,081;64,498
01.01.01 0:38:30;1,7;37,621;62,841
01.01.01 0:38:40;4,6;37,593;63,8
01.01.01 0:38:50;9;37,296;63,501
01.01.01 0:39:00;8,5;36,732;62,108
01.01.01 0:39:10;3,8;38,898;60,129
01.01.01 0:39:20;10,7;38,902;62,344
01.01.01 0:39:30;1,9;39,31;60,337
01.01.01 0:39:40;10,9;36,993;60,556
01.01.01 0:39:50;6,8;36,521;59,264
01.01.01 0:40:00;1,3;35,835;57,496
01.01.01 0:40:10;11,8;37,434;59,079
01.01.01 0:40:20;5,5;38,092;56,684
01.01.01 0:40:30;5,1;37,411;56,419
01.01.01 0:40:40;0;39,24;57,498
01.01.01 0:40:50;8,9;37,402;56,383
01.01.01 0:41:00;7,4;39,219;54,217
01.01.01 0:41:10;9,9;39,067;55,853
01.01.01 0:41:20;0,7;37,883;55,019
01.01.01 0:41:30;1,5;36,217;54,202
01.01.01 0:41:40;11,5;36,168;52,804
01.01.01 0:41:50;11,3;37,752;52,185
01.01.01 0:42:00;11,1;35,692;51,919
01.01.01 0:42:10;0,9;39,114;50,751
01.01.01 0:42:20;2,7;39,227;52,365
01.01.01 0:42:30;2;38,647;50,054
01.01.01 0:42:40;9,9;35,638;49,885
01.01.01 0:42:50;2,9;38,838;49,463
01.01.01 0:43:00;0;36,296;50,012
01.01.01 0:43:10;5,6;37,057;48,146
01.01.01 0:43:20;0,9;37,34;46,666
01.01.01 0:43:30;1,1;35,683;47,457
01.01.01 0:43:40;1,7;38,84;45,944
01.01.01 0:43:50;4,7;36,073;47,341
01.01.01 0:44:00;10,5;36,609;45,527
01.01.01 0:44:10;9,2;36,438;45,924
01.01.01 0:44:20;2,7;36,983;45,48
01.01.01 0:44:30;2,2;37,033;45,126
01.01.01 0:44:40;3,1;39,31;42,921
01.01.01 0:44:50;8,1;38,906;43,409
01.01.01 0:45:00;1,5;35,66;44,201
01.01.01 0:45:10;9,6;37,382;42,445
01.01.01 0:45:20;4,6;38,611;41,994
01.01.01 0:45:30;9,2;36,099;42,95
01.01.01 0:45:40;0,9;35,714;40,897
01.01.01 0:45:50;7,6;35,876;40,467
01.01.01 0:46:00;0;38,573;41,227
01.01.01 0:46:10;9,5;37,524;39,321
01.01.01 0:46:20;5,9;37,597;38,966
01.01.01 0:46:30;11,3;37,631;40,601
01.01.01 0:46:40;10,6;35,911;39,08
01.01.01 0:46:50;10,4;36,431;39,616
01.01.01 0:47:00;10;38,204;38,218
01.01.01 0:47:10;5,3;38,577;36,906
01.01.01 0:47:20;8,8;38,927;37,108
01.01.01 0:47:30;1,2;37,299;36,755
01.01.01 0:47:40;11,6;35,837;37,17
01.01.01 0:47:50;6,7;39,107;37,503
01.01.01 0:48:00;1,9;38,874;35,982
01.01.01 0:48:10;7,2;36,238;34,88
01.01.01 0:48:20;0,4;37,711;34,638
01.01.01 0:48:30;4,3;36,145;35,096
01.01.01 0:48:40;4,4;36,241;34,156
01.01.01 0:48:50;2,2;36,802;34,163
01.01.01 0:49:00;9,7;36,493;34,612
01.01.01 0:49:10;10,7;37,22;34,336
01.01.01 0:49:20;1,3;35,699;32,495
01.01.01 0:49:30;8,3;36,67;33,448
01.01.01 0:49:40;11,1;37,396;33,035
01.01.01 0:49:50;8,8;35,661;32,44
01.01.01 0:50:00;3,1;36,291;32,702
01.01.01 0:50:10;9,3;36,708;30,821
01.01.01 0:50:20;7,3;39,08;31,935
01.01.01 0:50:30;10,6;38,894;31,84
01.01.01 0:50:40;3,8;36,876;31,257
01.01.01 0:50:50;4,9;37,698;30,7
01.01.01 0:51:00;5,5;36,451;30,93
01.01.01 0:51:10;2,8;36,926;30,281
01.01.01 0:51:20;7,1;35,718;30,23
01.01.01 0:51:30;3,8;37,457;29,096
01.01.01 0:51:40;5,8;38,176;29,585
01.01.01 0:51:50;7,3;38,271;28,904
01.01.01 0:52:00;11,1;38,603;28,1
01.01.01 0:52:10;10,6;36,228;28,918
01.01.01 0:52:20;6,5;37,445;28,344
01.01.01 0:52:30;1,2;39,351;28,191
01.01.01 0:52:40;8,9;37,45;26,975
01.01.01 0:52:50;2,7;38,747;26,703
01.01.01 0:53:00;2,3;36,883;27,419
01.01.01 0:53:10;10,3;37,561;26,57
01.01.01 0:53:20;1,4;36,115;25,538
01.01.01 0:53:30;6,2;36,406;26,232
01.01.01 0:53:40;2,2;38,448;25,92
01.01.01 0:53:50;6,8;37,403;25,918
01.01.01 0:54:00;10,3;37,344;25,686
01.01.01 0:54:10;8;38,521;25,67
01.01.01 0:54:20;11,7;38,549;24,933
01.01.01 0:54:30;8;37,335;23,783
01.01.01 0:54:40;5,5;37,514;23,709
01.01.01 0:54:50;0,5;36,091;24,567
01.01.01 0:55:00;4,6;36,515;23,894
01.01.01 0:55:10;10,1;36,987;23,119
01.01.01 0:55:20;4,9;36,788;23,212
01.01.01 0:55:30;1,2;38,899;23,316
01.01.01 0:55:40;3,3;36,601;23,058
01.01.01 0:55:50;8,1;36,748;22,672
01.01.01 0:56:00;8,5;35,664;21,866
01.01.01 0:56:10;3;37,958;22,052
01.01.01 0:56:20;8,5;36,314;22,287
01.01.01 0:56:30;5,3;37,826;21,893
01.01.01 0:56:40;3,6;35,626;21,084
01.01.01 0:56:50;9,7;36,157;21,095
01.01.01 0:57:00;11,9;36,099;20,479
01.01.01 0:57:10;5,4;38,82;20,723
01.01.01 0:57:20;12;37,317;20,229
01.01.01 0:57:30;8,8;39,001;20,836
01.01.01 0:57:40;12;35,63;20,788
01.01.01 0:57:50;9,1;36,789;20,233
01.01.01 0:58:00;0,6;39,192;19,373
01.01.01 0:58:10;8,9;36,58;19,971
01.01.01 0:58:20;1,5;37,561;19,138
01.01.01 0:58:30;10,9;36,27;18,751
01.01.01 0:58:40;7,3;37,91;18,625
01.01.01 0:58:50;11,8;37,281;18,988
01.01.01 0:59:00;12;37,678;18,07
01.01.01 0:59:10;3,1;38,851;18,203
01.01.01 0:59:20;5,7;38,592;17,767
01.01.01 0:59:30;9;36,224;18,546
01.01.01 0:59:40;8,5;38,19;17,425
01.01.01 0:59:50;4,6;37,393;18,075
01.01.01 1:00:00;9,1;38,447;17,584
01.01.01 1:00:10;9,7;36,471;17,719
01.01.01 1:00:20;11,6;38,467;17,218
01.01.01 1:00:30;10,5;36,133;17,187
01.01.01 1:00:40;11,3;35,695;16,843
01.01.01 1:00:50;3;36,013;16,374
01.01.01 1:01:00;10,6;37,679;16,373
01.01.01 1:01:10;8,5;36,235;16,622
01.01.01 1:01:20;4,9;35,643;16,261
01.01.01 1:01:30;10,3;36,305;16,157
01.01.01 1:01:40;1,4;35,787;15,771
01.01.01 1:01:50;11,3;38,22;15,252
01.01.01 1:02:00;0,4;38,293;15,457
01.01.01 1:02:10;8,5;38,571;15,057
01.01.01 1:02:20;0,2;36,646;14,802
01.01.01 1:02:30;6,8;37,477;15,192
01.01.01 1:02:40;0,3;37,378;14,83
01.01.01 1:02:50;11,9;39,215;14,827
01.01.01 1:03:00;2,1;38,22;14,324
01.01.01 1:03:10;10,4;38,629;14,081
01.01.01 1:03:20;11,2;39,189;14,082
01.01.01 1:03:30;9,9;38,976;13,869
01.01.01 1:03:40;8,7;37,02;14,152
01.01.01 1:03:50;3,7;36,353;14,178
01.01.01 1:04:00;6,2;36,227;14,103
01.01.01 1:04:10;3,8;39,202;13,936
01.01.01 1:04:20;7,9;35,982;13,816
01.01.01 1:04:30;1,5;36,52;13,287
01.01.01 1:04:40;3,7;38,261;13,373
01.01.01 1:04:50;7,3;38,168;13,168
01.01.01 1:05:00;1,3;38,277;13,075
01.01.01 1:05:10;1,1;37,121;12,546
01.01.01 1:05:20;0;35,748;12,667
01.01.01 1:05:30;6,8;38,046;12,841
01.01.01 1:05:40;1,3;38,989;12,805
01.01.01 1:05:50;5,7;36,893;12,119
01.01.01 1:06:00;7,6;37,487;12,055
01.01.01 1:06:10;5,9;37,879;12,157
01.01.01 1:06:20;4,4;35,868;12,222
01.01.01 1:06:30;8,6;37,274;12,123
01.01.01 1:06:40;9,1;37,906;11,644
01.01.01 1:06:50;6,7;38,271;11,712
01.01.01 1:07:00;10,8;36,048;11,441
01.01.01 1:07:10;2,9;36,872;11,495
01.01.01 1:07:20;8,8;36,693;10,998
01.01.01 1:07:30;11,9;38,285;11,33
01.01.01 1:07:40;0;37,874;11,211
01.01.01 1:07:50;3,7;37,804;10,825
01.01.01 1:08:00;7,7;35,986;11,105
01.01.01 1:08:10;2,5;35,97;10,834
01.01.01 1:08:20;6,7;37,577;10,479
01.01.01 1:08:30;8,1;38,336;10,383
01.01.01 1:08:40;3,6;39,234;10,656
01.01.01 1:08:50;1,7;37,031;10,43
01.01.01 1:09:00;9;37,418;10,409
01.01.01 1:09:10;5,6;37,096;10,354
01.01.01 1:09:20;9,4;38,566;9,847
01.01.01 1:09:30;6,5;36,21;9,704
01.01.01 1:09:40;10,1;37,467;10,046
01.01.01 1:09:50;2,9;37,102;9,649
01.01.01 1:10:00;7,1;38,29;9,722
01.01.01 1:10:10;9,8;39,041;9,782
01.01.01 1:10:20;2,8;38,049;9,283
01.01.01 1:10:30;10,6;35,819;9,56
01.01.01 1:10:40;1,7;38,802;9,408
01.01.01 1:10:50;2,3;35,926;9,175
01.01.01 1:11:00;9,5;38,547;9,01
01.01.01 1:11:10;3,4;39,075;9,092
01.01.01 1:11:20;0,6;38,906;9,038
01.01.01 1:11:30;0,6;38,598;9,012
01.01.01 1:11:40;7,8;37,878;8,554
01.01.01 1:11:50;10,1;39,261;8,744
01.01.01 1:12:00;3,3;38,684;8,668
01.01.01 1:12:10;3,6;38,388;8,391
01.01.01 1:12:20;10,7;38,502;8,533
01.01.01 1:12:30;8,5;38,834;8,247
01.01.01 1:12:40;5;36,114;8,193
01.01.01 1:12:50;9;37,178;7,979
01.01.01 1:13:00;2,4;38,228;7,893
01.01.01 1:13:10;2,7;37,444;8,066
01.01.01 1:13:20;8,5;38,096;7,713
01.01.01 1:13:30;3,7;38,735;7,71
01.01.01 1:13:40;0,4;39,082;7,789
01.01.01 1:13:50;9,9;36,771;7,583
01.01.01 1:14:00;3,2;35,782;7,689
01.01.01 1:14:10;3,6;56,332;7,268
01.01.01 1:14:20;10;57,95;7,546
01.01.01 1:14:30;4,8;57,947;7,155
01.01.01 1:14:40;0,9;54,037;7,061
01.01.01 1:14:50;7;55,309;7,145
01.01.01 1:15:00;1826,1;56,495;9,66
01.01.01 1:15:10;1834,7;58,885;11,719
01.01.01 1:15:20;1778,6;53,501;13,909
01.01.01 1:15:30;1817,7;58,549;16,58
01.01.01 1:15:40;1781,1;53,87;18,098
01.01.01 1:15:50;1782,7;54,562;20,464
01.01.01 1:16:00;1841;57,62;22,394
01.01.01 1:16:10;1784,1;55,883;24,845
01.01.01 1:16:20;1741,6;55,616;27,503
01.01.01 1:16:30;1784,5;56,92;28,377
01.01.01 1:16:40;1810,8;54,579;30,089
01.01.01 1:16:50;1793,5;54,676;31,961
01.01.01 1:17:00;1790,4;53,711;34,918
01.01.01 1:17:10;1817,2;58,337;36,099
01.01.01 1:17:20;1837,3;59,05;39,703
01.01.01 1:17:30;1788,9;58,548;41,051
01.01.01 1:17:40;1770,5;54,567;43,635
01.01.01 1:17:50;1778,9;55,95;44,277
01.01.01 1:18:00;1828,1;58,991;47,69
01.01.01 1:18:10;1828,5;54,804;49,603
01.01.01 1:18:20;1840,2;53,697;51,213
01.01.01 1:18:30;1787,4;55,821;53,35
01.01.01 1:18:40;1821,2;53,89;54,566
01.01.01 1:18:50;1746,3;54,961;55,934
01.01.01 1:19:00;1776,9;57,575;58,673
01.01.01 1:19:10;1800,6;58,314;57,854
01.01.01 1:19:20;1805,5;42,421;63,41
01.01.01 1:19:30;1761,7;42,543;65,375
01.01.01 1:19:40;1777,4;45,346;67,229
01.01.01 1:19:50;1820,2;45,022;69,884
01.01.01 1:20:00;1739,5;42,939;70,336
01.01.01 1:20:10;1774;43,907;73,643
01.01.01 1:20:20;1830;41,782;76,43
01.01.01 1:20:30;1778,4;41,627;78,784
01.01.01 1:20:40;1820,8;43,193;77,759
01.01.01 1:20:50;1802,9;44,866;81,975
01.01.01 1:21:00;1783,3;43,779;86,688
01.01.01 1:21:10;1776,7;43,641;84,81
01.01.01 1:21:20;1799,3;43,105;87,045
01.01.01 1:21:30;1787,1;42,831;91,248
01.01.01 1:21:40;1820,2;43,434;93,193
01.01.01 1:21:50;1814,5;45,836;95,78
01.01.01 1:22:00;1822,6;45,379;96,744
01.01.01 1:22:10;7,8;42,933;99,031
01.01.01 1:22:20;2;42,093;96,209
01.01.01 1:22:30;10,2;44,602;91,659
01.01.01 1:22:40;3,2;43,689;90,655
01.01.01 1:22:50;0,6;19,589;90,813
01.01.01 1:23:00;3,2;19,362;89,027
01.01.01 1:23:10;6,7;18,902;90,802
01.01.01 1:23:20;7,4;18,078;87,143
01.01.01 1:23:30;5,9;18,897;87,787
01.01.01 1:23:40;7,8;18,892;88,351
01.01.01 1:23:50;11,1;17,915;86,71
01.01.01 1:24:00;0,4;17,826;83,754
01.01.01 1:24:10;9,6;18,978;87,262
01.01.01 1:24:20;8,3;17,91;82,858
01.01.01 1:24:30;10,2;18,071;83,422
01.01.01 1:24:40;0,8;19,597;82,791
01.01.01 1:24:50;8,8;18,462;81,748
01.01.01 1:25:00;4,4;17,889;82,961
01.01.01 1:25:10;5,6;19,353;80,929
01.01.01 1:25:20;1,8;19,563;80,841
01.01.01 1:25:30;8;18,237;78,955
01.01.01 1:25:40;9,4;19,518;77,783
01.01.01 1:25:50;6;19,233;76,385
01.01.01 1:26:00;10,6;18,313;74,14
01.01.01 1:26:10;10,4;18,224;76,473
01.01.01 1:26:20;8,6;17,895;72,714
01.01.01 1:26:30;0,9;18,545;72,323
01.01.01 1:26:40;2,2;19,135;73,028
01.01.01 1:26:50;8,7;17,868;72,221
01.01.01 1:27:00;4,8;18,709;69,744
01.01.01 1:27:10;0,8;19,613;71,772
01.01.01 1:27:20;10,4;18,118;72,38
01.01.01 1:27:30;9;19,181;70,585
01.01.01 1:27:40;2,7;17,914;70,583
01.01.01 1:27:50;2;19,233;66,982
01.01.01 1:28:00;0,9;17,926;69
01.01.01 1:28:10;11,3;18,595;68,087
01.01.01 1:28:20;9,6;18,2;66,018
01.01.01 1:28:30;4;18,069;63,83
01.01.01 1:28:40;0;19,447;66,373
01.01.01 1:28:50;3,3;19,635;63,976
01.01.01 1:29:00;6;18,654;64,628
01.01.01 1:29:10;11,4;19,477;64,433
01.01.01 1:29:20;11,8;18,711;61,616
01.01.01 1:29:30;8;19,291;62,019
01.01.01 1:29:40;4,1;18,914;59,875
01.01.01 1:29:50;1,5;18,333;59,087
01.01.01 1:30:00;4,7;19,178;58,567
01.01.01 1:30:10;0,5;18,782;59,371
01.01.01 1:30:20;8,1;19,651;60,286
01.01.01 1:30:30;12;19,335;59,65
01.01.01 1:30:40;2,1;19,363;58,825
01.01.01 1:30:50;2;18,568;57,558
01.01.01 1:31:00;10,1;19,383;55,326
01.01.01 1:31:10;10;19,251;55,395
01.01.01 1:31:20;2,3;19,506;55,955
01.01.01 1:31:30;7,9;17,94;54,915
01.01.01 1:31:40;7,3;18,109;55,688
01.01.01 1:31:50;2,2;18,602;52,373
01.01.01 1:32:00;11,4;19,62;53,601
01.01.01 1:32:10;0,1;18,495;52,469
01.01.01 1:32:20;11,8;18,424;52,021
01.01.01 1:32:30;6;19,571;52,262
01.01.01 1:32:40;11,2;18,829;52,268
01.01.01 1:32:50;3,4;17,915;51,576
01.01.01 1:33:00;11;19,364;51,027
01.01.01 1:33:10;10,6;18,379;50,679
01.01.01 1:33:20;2,9;19,189;49,966
01.01.01 1:33:30;11,1;19,086;47,182
01.01.01 1:33:40;10;18,782;49,383
01.01.01 1:33:50;3,4;19,477;46,387
01.01.01 1:34:00;6,8;18,103;48,152
01.01.01 1:34:10;4,4;18,541;46,233
01.01.01 1:34:20;8,1;19,076;46,903
01.01.01 1:34:30;11,6;17,895;46,974
01.01.01 1:34:40;4,7;18,23;45,532
01.01.01 1:34:50;4,9;19,235;45,469
01.01.01 1:35:00;9,6;17,969;43,815
01.01.01 1:35:10;0,6;18,259;43,808
01.01.01 1:35:20;0;18,872;42,218
01.01.01 1:35:30;3,2;17,82;42,963
01.01.01 1:35:40;10,5;18,929;43,255
01.01.01 1:35:50;11;18,045;41,432
01.01.01 1:36:00;2,4;19,683;43,007
01.01.01 1:36:10;3,5;19,368;41,041
01.01.01 1:36:20;10,7;18,497;39,93
01.01.01 1:36:30;0,7;18,53;41,567
01.01.01 1:36:40;4,1;19,321;39,878
01.01.01 1:36:50;1;19,207;40,854
01.01.01 1:37:00;4,3;18,638;39,497
01.01.01 1:37:10;7,4;18,578;37,841
01.01.01 1:37:20;0,7;18,283;37,84
01.01.01 1:37:30;2,9;19,29;37,434
01.01.01 1:37:40;10,2;18,222;37,664
01.01.01 1:37:50;2;97,807;38,264
01.01.01 1:38:00;3,9;93,439;36,839
01.01.01 1:38:10;0,8;90,321;37,434
01.01.01 1:38:20;8,2;93,083;37,072
01.01.01 1:38:30;3,1;96,469;36,827
01.01.01 1:38:40;11;92,364;36,471
01.01.01 1:38:50;8,4;94,765;34,895
01.01.01 1:39:00;2,5;96,757;35,653
01.01.01 1:39:10;5,8;95,836;35,457
01.01.01 1:39:20;9,4;97,141;34,624
01.01.01 1:39:30;3,7;92,431;34,024
01.01.01 1:39:40;11,1;90;34,155
01.01.01 1:39:50;4,6;95,812;32,189
01.01.01 1:40:00;7,3;91,156;33,552
01.01.01 1:40:10;1,6;95,888;32,661
01.01.01 1:40:20;5,4;95,414;32,885
01.01.01 1:40:30;8,6;91,308;32,475
01.01.01 1:40:40;6,3;97,203;32,085
01.01.01 1:40:50;3;92,853;31,613
01.01.01 1:41:00;4,4;97,58;31,097
01.01.01 1:41:10;8,8;96,123;30,149
01.01.01 1:41:20;3,6;93,508;30,287
01.01.01 1:41:30;5,6;93,843;30,539
01.01.01 1:41:40;3,9;94,037;30,353
01.01.01 1:41:50;0,5;89,456;29,621
01.01.01 1:42:00;1118,8;90,248;29,808
01.01.01 1:42:10;1116,4;91,037;30,465
01.01.01 1:42:20;1125,2;97,12;31,822
01.01.01 1:42:30;1070,9;96,067;32,338
01.01.01 1:42:40;1144,4;91,821;31,257
01.01.01 1:42:50;1114,9;89,971;33,14
01.01.01 1:43:00;1140,6;93,209;34,156
01.01.01 1:43:10;1110,4;89,828;34,438
01.01.01 1:43:20;1087;92,538;34,077
01.01.01 1:43:30;1078,8;92,509;35,351
01.01.01 1:43:40;1121,9;94,589;36,305
01.01.01 1:43:50;1144;89,501;35,682
01.01.01 1:44:00;1118,8;90,151;37,143
01.01.01 1:44:10;1116,9;89,798;37,881
01.01.01 1:44:20;1104,8;94,338;37,251
01.01.01 1:44:30;1128,7;98,165;38,633
01.01.01 1:44:40;1105,4;91,285;37,471
01.01.01 1:44:50;1116,7;89,449;38,561
01.01.01 1:45:00;1121,4;92,159;39,045
01.01.01 1:45:10;1127,9;94,019;40,719
01.01.01 1:45:20;1103,8;93,42;39,72
01.01.01 1:45:30;1143,9;95,251;41,679
01.01.01 1:45:40;1073,6;90,676;40,493
01.01.01 1:45:50;1094,8;90,986;40,898
01.01.01 1:46:00;1078,4;94,109;42,605
01.01.01 1:46:10;1105,9;98,076;42,439
01.01.01 1:46:20;1135,3;97,103;42,665
01.01.01 1:46:30;1074,5;93,559;43,464
01.01.01 1:46:40;1131,2;95,513;42,922
01.01.01 1:46:50;1089,4;98,42;44,281
01.01.01 1:47:00;1135,6;96,929;44,89
01.01.01 1:47:10;1128,3;95,503;45,32
01.01.01 1:47:20;1089,1;96,72;46,036
01.01.01 1:47:30;1114,2;90,657;46,868
01.01.01 1:47:40;1114,3;97,724;45,164
01.01.01 1:47:50;1135,7;94,845;45,408
01.01.01 1:48:00;1127,8;89,089;46,387
01.01.01 1:48:10;1081,5;96,298;46,191
01.01.01 1:48:20;1087,9;96,296;47,457
01.01.01 1:48:30;1125,7;97,27;47,623
01.01.01 1:48:40;1113,3;93,412;49,462
01.01.01 1:48:50;1096;97,789;49,315
01.01.01 1:49:00;1120,3;96,711;50,571
01.01.01 1:49:10;1080,4;90,517;50,631
01.01.01 1:49:20;1120,4;97,746;49,281
01.01.01 1:49:30;1091,7;89,244;52,092
01.01.01 1:49:40;1090,5;89,772;51,845
01.01.01 1:49:50;1129,3;94,036;49,792
01.01.01 1:50:00;1136,8;97,216;51,523
01.01.01 1:50:10;1083,8;95,484;52,012
01.01.01 1:50:20;1084,3;90,291;53,111
01.01.01 1:50:30;1110,3;96,435;51,689
01.01.01 1:50:40;1127,3;89,566;53,766
01.01.01 1:50:50;1107,7;97,259;53,409
01.01.01 1:51:00;1077,5;97,775;54,025
01.01.01 1:51:10;1121;97,251;53,152
01.01.01 1:51:20;1079;97,447;55,685
01.01.01 1:51:30;1103,1;93,671;53,34
01.01.01 1:51:40;1098,3;95,808;54,614
01.01.01 1:51:50;1086,3;93,913;53,821
01.01.01 1:52:00;1113,3;90,959;54,747
01.01.01 1:52:10;1106,7;95,43;54,626
01.01.01 1:52:20;1097,1;94,661;57,075
01.01.01 1:52:30;1084,2;92,821;58,028
01.01.01 1:52:40;1092,9;96,921;55,291
01.01.01 1:52:50;1111,8;96,643;57,884
01.01.01 1:53:00;1110,5;91,739;56,313
01.01.01 1:53:10;1117,7;95,284;57,751
01.01.01 1:53:20;1109,1;96,634;59,067
01.01.01 1:53:30;1114,3;94,538;57,736
01.01.01 1:53:40;1082,9;97,384;60,067
01.01.01 1:53:50;1119,2;96,146;58,408
01.01.01 1:54:00;1102,4;94,105;58,732
01.01.01 1:54:10;1118,6;90,886;58,822
01.01.01 1:54:20;1115,7;90,166;58,918
01.01.01 1:54:30;1093,6;92,091;60,77
01.01.01 1:54:40;1086,8;90,226;61,886
01.01.01 1:54:50;1080,7;90,756;59,573
01.01.01 1:55:00;1101,4;98,356;62,451
01.01.01 1:55:10;1129,6;94,834;59,959
01.01.01 1:55:20;1121,4;93,993;59,932
01.01.01 1:55:30;1108,5;89,094;60,105
01.01.01 1:55:40;1071,9;90,595;62,351
01.01.01 1:55:50;1113,9;96,213;62,601
01.01.01 1:56:00;1109,9;89,641;63,756
01.01.01 1:56:10;1095,5;89,574;62,149
01.01.01 1:56:20;1138,5;95,533;62,003
01.01.01 1:56:30;1076,8;94,634;61,208
01.01.01 1:56:40;1125,9;95,933;61,907
01.01.01 1:56:50;1129,5;90,616;64,894
01.01.01 1:57:00;1571,5;89,521;65,728
01.01.01 1:57:10;1642,7;93,34;62,872
01.01.01 1:57:20;1641,8;96,383;66,422
01.01.01 1:57:30;1565,1;94,63;67,508
01.01.01 1:57:40;1585,7;97,52;64,905
01.01.01 1:57:50;1593,2;96,289;66,052
01.01.01 1:58:00;1613,8;93,748;68,138
01.01.01 1:58:10;1616,5;90,538;67,571
01.01.01 1:58:20;1557,5;93,083;69,441
01.01.01 1:58:30;1609,6;97,835;68,488
01.01.01 1:58:40;1580;92,971;71,38
01.01.01 1:58:50;1626,3;89,411;72,23
01.01.01 1:59:00;1590,5;95,861;70,8
01.01.01 1:59:10;1626,5;89,31;73,346
01.01.01 1:59:20;1635,7;91,873;71,306
01.01.01 1:59:30;1654;93,836;73,507
01.01.01 1:59:40;1596,6;91,919;71,946
01.01.01 1:59:50;1586,8;91,494;75,455
01.01.01 2:00:00;1560,6;93,124;74,226
01.01.01 2:00:10;1643,4;95,977;73,991
01.01.01 2:00:20;1633,5;91,587;74,554
01.01.01 2:00:30;1571,2;89,085;77,895
01.01.01 2:00:40;1585,1;92,676;75,968
01.01.01 2:00:50;1593,8;96,721;78,63
01.01.01 2:01:00;1578,6;93,417;75,494
01.01.01 2:01:10;1625,4;95,768;76,827
01.01.01 2:01:20;1581,9;89,271;78,619
01.01.01 2:01:30;1568;96,912;80,052
01.01.01 2:01:40;1650,7;94,379;78,878
01.01.01 2:01:50;1631,8;96,616;79,952
01.01.01 2:02:00;1559,5;89,302;81,363
01.01.01 2:02:10;1632;95,355;82,688
01.01.01 2:02:20;1631,3;95,032;81,997
01.01.01 2:02:30;1615;92,337;82,203
01.01.01 2:02:40;1598,3;98,39;80,743
01.01.01 2:02:50;1655,6;93,217;81,397
01.01.01 2:03:00;1560;95,36;84,551
01.01.01 2:03:10;1583,6;98,289;84,609
01.01.01 2:03:20;1620,5;98,19;85,354
01.01.01 2:03:30;1562,6;97,414;85,462
01.01.01 2:03:40;1600,4;95,964;85,104
01.01.01 2:03:50;1603,4;93,231;83,348
01.01.01 2:04:00;1643,4;95,32;87,036
01.01.01 2:04:10;1646,8;95,853;84,732
01.01.01 2:04:20;1584;95,503;84,222
01.01.01 2:04:30;1580,8;89,432;84,428
01.01.01 2:04:40;1567,4;90,791;86,527
01.01.01 2:04:50;1584,3;91,644;88,638
01.01.01 2:05:00;1403,1;90,652;89,765
01.01.01 2:05:10;1386,9;98,335;86,242
01.01.01 2:05:20;1422,6;89,649;86,333
01.01.01 2:05:30;1414,1;95,358;86,575
01.01.01 2:05:40;1428,7;96,455;87,108
01.01.01 2:05:50;1368,2;93,897;86,782
01.01.01 2:06:00;1440,5;93,01;88,669
01.01.01 2:06:10;1438,3;91,065;90,089
01.01.01 2:06:20;1376,6;90,465;90,604
01.01.01 2:06:30;1408;90,973;90,004
01.01.01 2:06:40;1409,9;89,418;87,832
01.01.01 2:06:50;1408,4;94,383;92,734
01.01.01 2:07:00;1397,3;91,095;92,613
01.01.01 2:07:10;1438,7;97,587;89,431
01.01.01 2:07:20;1433,5;91,942;90,822
01.01.01 2:07:30;1440,6;98,141;91,846
01.01.01 2:07:40;1387,2;93,161;93,486
01.01.01 2:07:50;1392,4;94,426;93,275
01.01.01 2:08:00;1368,8;89,933;91,147
01.01.01 2:08:10;1398,4;93,274;91,576
01.01.01 2:08:20;1377,2;94,681;91,465
01.01.01 2:08:30;1436,5;90,065;90,798
01.01.01 2:08:40;1367,7;98,145;93,57
01.01.01 2:08:50;1386,5;98,348;91,583
01.01.01 2:09:00;1384,6;98,388;92,824
01.01.01 2:09:10;1436,7;90,908;93,911
01.01.01 2:09:20;1385;93,167;91,421
01.01.01 2:09:30;1368,6;89,859;91,504
01.01.01 2:09:40;1401,4;96,302;92,727
01.01.01 2:09:50;1363,1;96,82;91,826
01.01.01 2:10:00;1450,7;89,811;92,626
01.01.01 2:10:10;1377,1;93,318;96,552
01.01.01 2:10:20;1408,4;91,616;95,097
01.01.01 2:10:30;1391,5;95,298;96,488
01.01.01 2:10:40;1418,8;96,025;91,718
01.01.01 2:10:50;1418,7;92,117;96,193
01.01.01 2:11:00;1438,6;96,88;94,579
01.01.01 2:11:10;1447,4;89,682;93,982
01.01.01 2:11:20;1449,9;96,934;94,327
01.01.01 2:11:30;1395,4;95,824;93,574
01.01.01 2:11:40;1402,7;95,899;95,762
01.01.01 2:11:50;1410,7;93,76;96,503
01.01.01 2:12:00;1444,3;94,937;94,416
01.01.01 2:12:10;1391,7;96,331;97,446
01.01.01 2:12:20;1371,3;96,683;97,444
01.01.01 2:12:30;1444,1;95,346;97,271
01.01.01 2:12:40;1441,2;97,442;94,613
01.01.01 2:12:50;1433,4;92,239;95,829
01.01.01 2:13:00;1408,6;92,659;95,461
01.01.01 2:13:10;1386,5;94,638;94,109
01.01.01 2:13:20;1399,7;90,813;96,735
01.01.01 2:13:30;1431;95,73;97,364
01.01.01 2:13:40;1392,9;97,144;97,664
01.01.01 2:13:50;1419,2;98,412;96,893
01.01.01 2:14:00;1438,4;96,008;98,914
01.01.01 2:14:10;1442,8;91,927;96,799
01.01.01 2:14:20;1361,9;92,498;97,68
01.01.01 2:14:30;1410,4;97,16;97,476
01.01.01 2:14:40;1387,6;93,174;95,585
01.01.01 2:14:50;1421,3;93,353;97,199
01.01.01 2:15:00;1440,6;91,15;100,262
01.01.01 2:15:10;1379,2;96,243;100,41
01.01.01 2:15:20;1450,4;95,911;95,695
01.01.01 2:15:30;1444,1;89,146;100,22
01.01.01 2:15:40;1379,8;96,799;99,382
01.01.01 2:15:50;1411,8;93,022;100,696
01.01.01 2:16:00;1433,5;97,737;95,953
01.01.01 2:16:10;1395;89,705;95,958
01.01.01 2:16:20;1364,7;90,81;97,386
01.01.01 2:16:30;9;89,95;95,485
01.01.01 2:16:40;9,7;91,871;96,383
01.01.01 2:16:50;0,7;96,549;97,852
01.01.01 2:17:00;9;94,179;93,035
01.01.01 2:17:10;8,8;98,266;91,977
01.01.01 2:17:20;1,1;96,744;91,22
01.01.01 2:17:30;2,6;95,073;91,667
01.01.01 2:17:40;2,2;97,632;91,416
01.01.01 2:17:50;10,8;91,715;90,797
01.01.01 2:18:00;1,5;91,371;88,42
01.01.01 2:18:10;7,1;93,82;89,542
01.01.01 2:18:20;3,5;42,19;88,569
01.01.01 2:18:30;10,3;40,309;85,522
01.01.01 2:18:40;7,2;40,379;86,005
01.01.01 2:18:50;4,8;41,277;86,618
01.01.01 2:19:00;1,1;42,255;83,04
01.01.01 2:19:10;7,8;39,456;82,983
01.01.01 2:19:20;11,7;42,127;84,203
01.01.01 2:19:30;8,6;42,062;82,17
01.01.01 2:19:40;3,4;38,674;80,18
01.01.01 2:19:50;7,5;39,059;82,179
01.01.01 2:20:00;0,2;42,512;81,387
01.01.01 2:20:10;7,8;41,736;76,459
01.01.01 2:20:20;6,1;41,074;77,655
01.01.01 2:20:30;10,6;39,215;76,243
01.01.01 2:20:40;7,5;40,341;78,092
01.01.01 2:20:50;4,6;40,5;75,536
01.01.01 2:21:00;5,2;42,469;73,121
01.01.01 2:21:10;9,3;42,506;74,502
01.01.01 2:21:20;10,9;40,091;73,632
01.01.01 2:21:30;10,9;41,733;74,394
01.01.01 2:21:40;4,7;38,641;70,796
01.01.01 2:21:50;8,4;42,357;70,058
01.01.01 2:22:00;8,5;39,109;70,539
01.01.01 2:22:10;4,4;38,906;70,899
01.01.01 2:22:20;6,9;41,409;67,647
01.01.01 2:22:30;4,4;39,55;67,614
01.01.01 2:22:40;4,8;41,871;66,394
01.01.01 2:22:50;12;40,506;66,336
01.01.01 2:23:00;1,5;38,887;65,399
01.01.01 2:23:10;2,4;40,196;67,078
01.01.01 2:23:20;3,8;38,928;63,385
01.01.01 2:23:30;2,1;41,582;64,607
01.01.01 2:23:40;1,9;38,778;62,657
01.01.01 2:23:50;4,9;39,071;62,158
01.01.01 2:24:00;1,1;41,492;61,66
01.01.01 2:24:10;4,5;40,271;63,329
01.01.01 2:24:20;10,3;42,265;62,133
01.01.01 2:24:30;9,7;39,536;59,626
01.01.01 2:24:40;8,2;42,619;59,125
01.01.01 2:24:50;0,4;39,389;60,002
01.01.01 2:25:00;0,8;40,275;58,255
01.01.01 2:25:10;12;41,543;57,073
01.01.01 2:25:20;8,8;38,784;57,638
01.01.01 2:25:30;8,7;42,383;56,292
01.01.01 2:25:40;1,6;39,384;54,965
01.01.01 2:25:50;8,5;38,958;54,435
01.01.01 2:26:00;5,8;41,516;54,96
01.01.01 2:26:10;8,6;40,089;54,22
01.01.01 2:26:20;10,7;41,438;54,111
01.01.01 2:26:30;11,8;40,972;54,951
01.01.01 2:26:40;10,3;39,525;52,909
01.01.01 2:26:50;4,7;39,481;52,56
01.01.01 2:27:00;1,5;41,503;51,016
01.01.01 2:27:10;10,3;39,73;51,378
01.01.01 2:27:20;8,3;38,677;51,754
01.01.01 2:27:30;2,8;40,358;51,705
01.01.01 2:27:40;10,2;40,601;50,548
01.01.01 2:27:50;9,8;40,55;49,353
01.01.01 2:28:00;7,3;38,663;47,993
01.01.01 2:28:10;9,2;41,023;46,995
01.01.01 2:28:20;0,8;40,552;48,325
01.01.01 2:28:30;11,9;39,181;48,847
01.01.01 2:28:40;10,4;38,87;45,711
01.01.01 2:28:50;0,6;42,096;46,569
01.01.01 2:29:00;7,3;41,022;45,958
01.01.01 2:29:10;4,9;40,21;44,968
01.01.01 2:29:20;1,3;40,28;44,503
01.01.01 2:29:30;2,4;38,836;44,228
01.01.01 2:29:40;8,7;40,33;43,314
01.01.01 2:29:50;8,3;41,588;43,477
01.01.01 2:30:00;8,2;39,364;44,262
01.01.01 2:30:10;5,4;41,377;43,1
01.01.01 2:30:20;8,6;42,418;43,315
01.01.01 2:30:30;3,6;39,112;41,37
01.01.01 2:30:40;5,7;40,894;41,944
01.01.01 2:30:50;11,1;42,073;40,139
01.01.01 2:31:00;9,6;40,173;39,936
01.01.01 2:31:10;3,6;41,522;41,202
01.01.01 2:31:20;4,5;41,743;39,08
01.01.01 2:31:30;3;40,9;39,006
01.01.01 2:31:40;2,1;40,995;38,286
01.01.01 2:31:50;1,6;32,519;37,791
01.01.01 2:32:00;1,7;30,908;39,363
01.01.01 2:32:10;10,1;32,211;37,931
01.01.01 2:32:20;3,1;31,631;36,916
01.01.01 2:32:30;4,9;30,958;37,372
01.01.01 2:32:40;2,5;31,627;36,412
01.01.01 2:32:50;5,9;29,837;37,172
01.01.01 2:33:00;5,1;30,96;35,566
01.01.01 2:33:10;9,8;30,291;35,206
01.01.01 2:33:20;4,7;30,856;36,335
01.01.01 2:33:30;6;31,534;35,557
01.01.01 2:33:40;4,5;32,392;35,515
01.01.01 2:33:50;2,7;30,082;33,904
01.01.01 2:34:00;6,3;30,352;34,254
01.01.01 2:34:10;8,4;29,974;34,541
01.01.01 2:34:20;5,2;30,612;33,331
01.01.01 2:34:30;1,5;32,167;32,776
01.01.01 2:34:40;9,2;29,716;32,171
01.01.01 2:34:50;6;31,665;33,016
01.01.01 2:35:00;4,6;30,796;32,561
01.01.01 2:35:10;11,3;32,111;31,991
01.01.01 2:35:20;11,5;30,52;31,126
01.01.01 2:35:30;1,9;29,81;30,292
01.01.01 2:35:40;0,7;31,659;30,403
01.01.01 2:35:50;3,1;30,776;29,776
01.01.01 2:36:00;5,9;31,278;30,22
01.01.01 2:36:10;6,7;32,615;30,631
01.01.01 2:36:20;0,6;31,232;30,118
01.01.01 2:36:30;4;31,708;29,687
01.01.01 2:36:40;11,5;30,006;29,602
01.01.01 2:36:50;6,6;30,441;29,471
01.01.01 2:37:00;8,6;31,304;28,283
01.01.01 2:37:10;8,3;32,336;27,689
01.01.01 2:37:20;3,1;29,746;27,99
01.01.01 2:37:30;9,2;30,088;27,505
01.01.01 2:37:40;6,9;30,679;26,592
01.01.01 2:37:50;9,1;31,652;27,378
01.01.01 2:38:00;2,7;30,939;26,014
01.01.01 2:38:10;10,4;29,848;26,694
01.01.01 2:38:20;6,3;30,782;26,025
01.01.01 2:38:30;6,5;30,914;26,087
01.01.01 2:38:40;1,3;30,304;25,047
01.01.01 2:38:50;9,2;30,304;24,866
01.01.01 2:39:00;1,1;32,663;24,94
01.01.01 2:39:10;0,2;31,741;24,735
01.01.01 2:39:20;9,5;31,088;24,793
01.01.01 2:39:30;6,2;32,772;24,678
01.01.01 2:39:40;11,7;31,829;23,879
01.01.01 2:39:50;3,2;30,786;24,428
01.01.01 2:40:00;9,2;30,802;23,519
01.01.01 2:40:10;4,2;31,047;23,117
01.01.01 2:40:20;1;30,17;22,659
01.01.01 2:40:30;11,3;32,165;23,58
01.01.01 2:40:40;0,9;29,951;22,392
01.01.01 2:40:50;2,7;30,447;22,557
01.01.01 2:41:00;7,9;30,409;22,861
01.01.01 2:41:10;0,5;32,183;21,563
01.01.01 2:41:20;9,7;31,334;21,671
01.01.01 2:41:30;1,1;31,347;21,601
01.01.01 2:41:40;2;29,98;20,941
01.01.01 2:41:50;0,4;32,223;20,948
01.01.01 2:42:00;3,7;30,954;21,071
01.01.01 2:42:10;9;30,403;21,051
01.01.01 2:42:20;6,7;31,327;20,777
01.01.01 2:42:30;2,2;31,161;20,025
01.01.01 2:42:40;0,9;32,549;20,565
01.01.01 2:42:50;1,9;31,506;19,893
01.01.01 2:43:00;3,9;31,308;19,797
01.01.01 2:43:10;7,6;32,576;20,094
01.01.01 2:43:20;4,4;29,829;19,311
01.01.01 2:43:30;3,4;31,613;19,259
01.01.01 2:43:40;7,2;32,556;19,553
01.01.01 2:43:50;1,1;32,811;18,84
01.01.01 2:44:00;10,2;29,979;18,25
01.01.01 2:44:10;11,6;30,491;18,116
01.01.01 2:44:20;1,8;31,898;18,717
01.01.01 2:44:30;7,5;30,657;18,319
01.01.01 2:44:40;2,9;30,29;17,856
01.01.01 2:44:50;4,8;30,753;18,19
01.01.01 2:45:00;9,8;32,5;18,07
01.01.01 2:45:10;4,5;30,5;17,412
01.01.01 2:45:20;3,1;32,036;17,179
01.01.01 2:45:30;5;32,109;17,393
01.01.01 2:45:40;1,9;30,877;16,837
01.01.01 2:45:50;2,8;31,119;16,784
01.01.01 2:46:00;1;32,779;16,148
01.01.01 2:46:10;9,5;30,605;16,014
01.01.01 2:46:20;11,3;31,699;16,185
01.01.01 2:46:30;8,7;30,837;16,231
01.01.01 2:46:40;2,2;32,01;15,504
01.01.01 2:46:50;2,8;32,23;15,554
01.01.01 2:47:00;6,8;30,182;15,676
01.01.01 2:47:10;10,7;30,769;15,253
01.01.01 2:47:20;8,8;30,141;15,015
01.01.01 2:47:30;3,7;31,892;15,428
01.01.01 2:47:40;10,7;32,67;15,237
01.01.01 2:47:50;4,9;30,283;14,821
01.01.01 2:48:00;3,4;31,43;14,759
01.01.01 2:48:10;11,9;31,794;14,316
01.01.01 2:48:20;1,4;31,714;14,764
01.01.01 2:48:30;1,9;32,266;14,169
01.01.01 2:48:40;5,7;31,816;14,481
01.01.01 2:48:50;11,7;29,961;13,907
01.01.01 2:49:00;1,2;31,356;14,129
01.01.01 2:49:10;4,2;32,296;13,377
01.01.01 2:49:20;2;32,259;13,139
01.01.01 2:49:30;1,5;31,695;13,438
01.01.01 2:49:40;9;31,283;13,525
01.01.01 2:49:50;6,5;30,394;13,228
01.01.01 2:50:00;7,9;31,047;13,327
01.01.01 2:50:10;4,5;31,579;13,041
01.01.01 2:50:20;11,5;32,538;12,715
01.01.01 2:50:30;2145,8;32,745;17,953
01.01.01 2:50:40;2191,3;29,776;22,202
01.01.01 2:50:50;2111,6;32,331;27,325
01.01.01 2:51:00;2189,9;32,8;32,493
01.01.01 2:51:10;2178,9;31,917;37,203
01.01.01 2:51:20;2108,3;32,703;40,504
01.01.01 2:51:30;2209;30,864;45,953
01.01.01 2:51:40;2108,7;32,626;49,744
01.01.01 2:51:50;2134,6;32,011;56,323
01.01.01 2:52:00;2099;30,211;59,942
01.01.01 2:52:10;2154,8;30,664;64,285
01.01.01 2:52:20;2132,4;30,385;69,713
01.01.01 2:52:30;2177,9;31,716;74,219
01.01.01 2:52:40;2095,6;32,067;77,767
01.01.01 2:52:50;2120,3;32,802;83,595
01.01.01 2:53:00;2143,3;32,52;83,471
01.01.01 2:53:10;2102,1;32,187;89,815
01.01.01 2:53:20;2169;31,625;96,222
01.01.01 2:53:30;2198,5;30,045;96,953
01.01.01 2:53:40;7,6;32,489;98,394
01.01.01 2:53:50;5;31,293;93,793
01.01.01 2:54:00;0,2;30,16;93,059
01.01.01 2:54:10;11,2;31,098;96,944
01.01.01 2:54:20;0,3;29,983;93,36
01.01.01 2:54:30;8,7;30,997;92,418
01.01.01 2:54:40;3;30,353;91,343
01.01.01 2:54:50;8,9;32,094;91,092
01.01.01 2:55:00;10,1;32,084;87,618
01.01.01 2:55:10;6,8;32,303;90,096
01.01.01 2:55:20;2,2;31,813;87,539
01.01.01 2:55:30;7,2;31,248;85,575
01.01.01 2:55:40;0,5;6,513;86,083
01.01.01 2:55:50;1,7;6,116;87,433
01.01.01 2:56:00;4,4;6,013;86,929
01.01.01 2:56:10;11,8;6,04;83,25
01.01.01 2:56:20;6;6,551;84,661
01.01.01 2:56:30;5,4;6,311;80,363
01.01.01 2:56:40;3,7;6,442;83,449
01.01.01 2:56:50;9,7;6,161;82,109
01.01.01 2:57:00;8,4;6,483;78,056
01.01.01 2:57:10;4;6,272;77,449
01.01.01 2:57:20;10,8;6,149;77,075
01.01.01 2:57:30;11,9;6,337;75,133
01.01.01 2:57:40;6,7;6,407;75,849
01.01.01 2:57:50;3;6,006;74,604
01.01.01 2:58:00;11,1;6,061;74,195
01.01.01 2:58:10;10,9;5,99;75,056
01.01.01 2:58:20;2,2;6,198;72,437
01.01.01 2:58:30;6,9;6,066;73,328
01.01.01 2:58:40;1;6,38;73,325
01.01.01 2:58:50;2,5;6,153;70,138
01.01.01 2:59:00;6,8;6,239;69,248
01.01.01 2:59:10;4,7;6,183;68,013
01.01.01 2:59:20;9,5;6,186;70,927
01.01.01 2:59:30;10,6;6,367;67,281
01.01.01 2:59:40;11,6;6,408;65,702
01.01.01 2:59:50;5;5,949;67,189
01.01.01 3:00:00;6,4;6,058;66,161
01.01.01 3:00:10;5,9;6,103;64,145
01.01.01 3:00:20;10,8;6,294;66,319
01.01.01 3:00:30;7,6;6,557;63,617
01.01.01 3:00:40;9,2;6,01;64,656
01.01.01 3:00:50;11,4;6,13;64,752
01.01.01 3:01:00;2,7;6,122;63,426
01.01.01 3:01:10;10,5;6,502;62,777
01.01.01 3:01:20;5;5,961;62,879
01.01.01 3:01:30;3,2;6,21;61,115
01.01.01 3:01:40;9,7;6,152;58,919
01.01.01 3:01:50;7,5;6,135;61,095
01.01.01 3:02:00;10,1;6,09;57,165
01.01.01 3:02:10;11,4;6,271;59,631
01.01.01 3:02:20;0,1;6,144;56,625
01.01.01 3:02:30;4,5;6,197;56,225
01.01.01 3:02:40;10,6;6,282;55,422
01.01.01 3:02:50;9,9;6,079;57,185
01.01.01 3:03:00;10,8;6,023;55,382
01.01.01 3:03:10;2,3;6,302;53,868
01.01.01 3:03:20;2,3;6,342;53,26
01.01.01 3:03:30;3,8;6,516;53,813
01.01.01 3:03:40;10,4;6,252;53,879
01.01.01 3:03:50;4,6;6,102;51,275
01.01.01 3:04:00;10,8;6,327;51,422
01.01.01 3:04:10;6;6,116;50,215
01.01.01 3:04:20;8,1;5,998;51,611
01.01.01 3:04:30;9,7;6,428;50,792
01.01.01 3:04:40;4;6,029;49,346
01.01.01 3:04:50;9,3;6,351;50,065
01.01.01 3:05:00;10,7;6,541;48,649
01.01.01 3:05:10;9,7;6,057;48,601
01.01.01 3:05:20;7,7;6,398;47,185
01.01.01 3:05:30;3;6,026;48,253
01.01.01 3:05:40;10,2;6,471;48,36
01.01.01 3:05:50;5,4;6,283;47,15
01.01.01 3:06:00;5,1;6,395;45,369
01.01.01 3:06:10;10,8;5,983;46,682
01.01.01 3:06:20;5,6;6,229;45,792
01.01.01 3:06:30;6;6,093;44,951
01.01.01 3:06:40;9,6;6,154;44,281
01.01.01 3:06:50;1,5;6,295;45,165
01.01.01 3:07:00;7,9;6,028;44,605
01.01.01 3:07:10;1,4;6,252;42,365
01.01.01 3:07:20;0,4;5,956;42,568
01.01.01 3:07:30;2,2;6,323;43,22
01.01.01 3:07:40;8,8;6,098;42,395
01.01.01 3:07:50;0;6,247;40,682
01.01.01 3:08:00;6,7;6,427;39,852
01.01.01 3:08:10;6,8;6,476;40,099
01.01.01 3:08:20;10,8;6,024;39,646
01.01.01 3:08:30;0,5;6,44;40,114
01.01.01 3:08:40;0,7;6,194;38,235
01.01.01 3:08:50;12;6,053;38,706
01.01.01 3:09:00;11,6;6,157;39,395
01.01.01 3:09:10;6,3;6,27;38,168
01.01.01 3:09:20;11,7;6,511;37,072
01.01.01 3:09:30;11,6;6,499;37,503
01.01.01 3:09:40;4,7;6,036;36,1
01.01.01 3:09:50;4;6,215;37,469
01.01.01 3:10:00;2,5;6,07;35,771
01.01.01 3:10:10;7,1;5,973;35,413
01.01.01 3:10:20;10,1;6,033;35,251
01.01.01 3:10:30;1,4;6,252;34,899
01.01.01 3:10:40;1,4;6,219;34,878
01.01.01 3:10:50;11,6;6,337;34,734
01.01.01 3:11:00;7;6,542;33,296
01.01.01 3:11:10;7,5;6,172;34,085
01.01.01 3:11:20;8,9;5,959;34,077
01.01.01 3:11:30;9,6;6,205;33,299
01.01.01 3:11:40;7,3;6,35;32,662
01.01.01 3:11:50;12;5,944;32,217
01.01.01 3:12:00;2,2;6,448;32,894
01.01.01 3:12:10;6,7;6,497;31,514
01.01.01 3:12:20;3,4;6,229;31,018
01.01.01 3:12:30;11,6;6,053;30,337
01.01.01 3:12:40;9;6,336;30,047
01.01.01 3:12:50;11,7;6,319;29,725
01.01.01 3:13:00;0,2;6,506;30,057
01.01.01 3:13:10;2,8;6,059;29,128
01.01.01 3:13:20;5,6;6,387;30,137
01.01.01 3:13:30;7,4;6,362;29,964
01.01.01 3:13:40;6,2;6,094;29,469
01.01.01 3:13:50;2,2;6,123;28,821
01.01.01 3:14:00;7,3;6,019;29,042
01.01.01 3:14:10;6,6;6,098;27,51
01.01.01 3:14:20;3,6;6,114;28,368
01.01.01 3:14:30;9,2;6,115;27,157
01.01.01 3:14:40;5,4;6,51;27,218
01.01.01 3:14:50;7,5;5,998;26,916
01.01.01 3:15:00;5,4;6,097;27,519
01.01.01 3:15:10;2,6;5,999;25,9
01.01.01 3:15:20;4,5;6,134;25,729
01.01.01 3:15:30;8,7;6,435;26,394
01.01.01 3:15:40;0,5;6,428;25,587
01.01.01 3:15:50;10;6,394;25,811
01.01.01 3:16:00;3,2;6,084;25,596
01.01.01 3:16:10;3,4;6,122;25,582
01.01.01 3:16:20;1,6;6,403;24,51
01.01.01 3:16:30;11,7;5,96;24,933
01.01.01 3:16:40;6,1;6,212;23,721
01.01.01 3:16:50;7,4;6,56;23,909
01.01.01 3:17:00;11;6,468;24,416
01.01.01 3:17:10;5,3;6,362;24,202
01.01.01 3:17:20;0,4;6,214;22,963
01.01.01 3:17:30;1;6,412;22,745
01.01.01 3:17:40;8,9;6,019;22,724
01.01.01 3:17:50;5,6;6,069;22,873
01.01.01 3:18:00;10,6;6,528;22,031
01.01.01 3:18:10;11,4;6,388;22,102
01.01.01 3:18:20;10,7;6,257;21,852
01.01.01 3:18:30;6,1;5,977;21,803
01.01.01 3:18:40;7,1;6,162;22,097
01.01.01 3:18:50;3,1;6,031;20,872
01.01.01 3:19:00;6,7;6,187;20,973
01.01.01 3:19:10;1,2;6,448;21,408
01.01.01 3:19:20;6,3;6,148;20,97
01.01.01 3:19:30;8,7;6,377;20,563
01.01.01 3:19:40;4;6,31;19,674
01.01.01 3:19:50;11,9;6,054;20,446
01.01.01 3:20:00;11,8;6,076;20,134
01.01.01 3:20:10;5,7;6,276;19,613
01.01.01 3:20:20;0;6,094;19,452
01.01.01 3:20:30;1;6,039;19,678
01.01.01 3:20:40;9,6;6,166;19,544
01.01.01 3:20:50;5;6,302;19,109
01.01.01 3:21:00;0,4;6,013;18,747
01.01.01 3:21:10;7,7;6,21;18,545
01.01.01 3:21:20;0,9;6,403;18,247
01.01.01 3:21:30;3,2;6,113;18,034
01.01.01 3:21:40;3,9;6,277;18,122
01.01.01 3:21:50;1,5;6,304;18,204
01.01.01 3:22:00;1,7;6,242;17,543
01.01.01 3:22:10;3,4;6,342;17,771
01.01.01 3:22:20;6,1;6,327;16,884
01.01.01 3:22:30;7,2;6,021;17,196
01.01.01 3:22:40;10;6,07;16,893
01.01.01 3:22:50;11,7;6,491;16,762
01.01.01 3:23:00;1;6,153;16,613
01.01.01 3:23:10;4,2;6,463;16,629
01.01.01 3:23:20;6,3;6,093;16,075
01.01.01 3:23:30;10,4;6,336;15,948
01.01.01 3:23:40;2,2;6,206;15,684
01.01.01 3:23:50;10,4;6,247;15,581
01.01.01 3:24:00;9,2;6,076;15,376
01.01.01 3:24:10;2,4;6,28;15,084
01.01.01 3:24:20;11,9;6,147;15,072
01.01.01 3:24:30;0,3;6,322;15,065
01.01.01 3:24:40;3;5,995;14,842
01.01.01 3:24:50;9,9;5,986;14,669
01.01.01 3:25:00;10,2;5,977;14,577
01.01.01 3:25:10;9,1;6,445;14,396
01.01.01 3:25:20;9,8;6,247;14,209
01.01.01 3:25:30;1;6,214;14,541
01.01.01 3:25:40;6,1;6,081;14,259
01.01.01 3:25:50;2,4;6,015;13,702
01.01.01 3:26:00;10,6;6,376;14,019
01.01.01 3:26:10;4,8;6,152;13,892
01.01.01 3:26:20;10,3;6,461;13,329
01.01.01 3:26:30;0,6;6,46;13,248
01.01.01 3:26:40;1,5;6,442;13,113
01.01.01 3:26:50;10;6,528;13,152
01.01.01 3:27:00;8,5;6,395;12,694
01.01.01 3:27:10;5,9;6,127;13,043
01.01.01 3:27:20;6;6,143;12,965
01.01.01 3:27:30;10,1;6,24;12,559
01.01.01 3:27:40;3;6,169;12,212
01.01.01 3:27:50;9,1;6,385;12,195
01.01.01 3:28:00;9,9;6,336;11,95
01.01.01 3:28:10;2;5,989;12,474
01.01.01 3:28:20;4;6,366;11,943
01.01.01 3:28:30;1,2;6,144;11,789
01.01.01 3:28:40;5,2;6,483;11,794
01.01.01 3:28:50;2,1;84,863;11,571
01.01.01 3:29:00;6,3;81,71;11,422
01.01.01 3:29:10;3,5;78,359;11,152
01.01.01 3:29:20;4,5;84,353;11,098
01.01.01 3:29:30;5,9;79,014;10,881
01.01.01 3:29:40;0,5;83,455;10,986
01.01.01 3:29:50;2,3;84,104;10,728
01.01.01 3:30:00;10;81,059;11,107
01.01.01 3:30:10;3,7;83,878;10,481
01.01.01 3:30:20;7,1;78,991;10,53
01.01.01 3:30:30;0,6;79,484;10,33
01.01.01 3:30:40;2,3;82,349;10,735
01.01.01 3:30:50;5,3;77,921;10,429
01.01.01 3:31:00;7;82,902;10,062
01.01.01 3:31:10;3,1;82,702;10,387
01.01.01 3:31:20;5,2;80,379;9,918
01.01.01 3:31:30;2,7;77,336;10,147
01.01.01 3:31:40;11;83,578;9,617
01.01.01 3:31:50;8,4;81,332;9,982
01.01.01 3:32:00;6,9;84,722;9,541
01.01.01 3:32:10;7,7;82,631;9,453
01.01.01 3:32:20;7,5;77,192;9,388
01.01.01 3:32:30;5,9;82,832;9,565
01.01.01 3:32:40;8,6;84,192;8,999
01.01.01 3:32:50;2,1;84,162;9,189
01.01.01 3:33:00;4,7;82,752;9,019
01.01.01 3:33:10;4,6;83,641;9,235
01.01.01 3:33:20;6;82,183;8,871
01.01.01 3:33:30;11,1;83,879;8,906
01.01.01 3:33:40;0,6;82,829;8,826
01.01.01 3:33:50;1;77,505;8,716
01.01.01 3:34:00;10,2;83,34;8,781
01.01.01 3:34:10;5,6;80,89;8,317
01.01.01 3:34:20;1984,9;83,422;10,19
01.01.01 3:34:30;1961,9;82,215;11,637
01.01.01 3:34:40;1885,6;84,789;13,387
01.01.01 3:34:50;1927,1;83,71;14,93
01.01.01 3:35:00;1938,5;80,951;16,146
01.01.01 3:35:10;1909,1;81,959;18,429
01.01.01 3:35:20;1931,4;79,186;19,485
01.01.01 3:35:30;1878,7;80,996;20,994
01.01.01 3:35:40;1886,8;81,182;22,971
01.01.01 3:35:50;1889,9;82,056;23,655
01.01.01 3:36:00;1936,2;79,443;26,045
01.01.01 3:36:10;1957,3;80,359;27,603
01.01.01 3:36:20;1933,5;79,041;28,549
01.01.01 3:36:30;1936,8;84,805;29,966
01.01.01 3:36:40;1983;83,929;32,432
01.01.01 3:36:50;1967,5;84,072;32,998
01.01.01 3:37:00;1928,7;83,916;33,928
01.01.01 3:37:10;1889,2;81,66;35,175
01.01.01 3:37:20;1958,7;84,53;38,183
01.01.01 3:37:30;1891,6;81,142;38,77
01.01.01 3:37:40;1976,6;79,331;39,774
01.01.01 3:37:50;1977,3;79,421;41,403
01.01.01 3:38:00;1923,5;78,127;43,263
01.01.01 3:38:10;1945,1;80,221;45,175
01.01.01 3:38:20;1874,6;82,913;45,124
01.01.01 3:38:30;1956,3;81,291;45,925
01.01.01 3:38:40;1923,9;78,32;49,095
01.01.01 3:38:50;1949,9;82,848;49,146
01.01.01 3:39:00;1912,5;80,529;50,989
01.01.01 3:39:10;1937,7;80,659;52,5
01.01.01 3:39:20;1948,8;81,252;52,075
01.01.01 3:39:30;1971,6;81,748;55,437
01.01.01 3:39:40;1928,4;82,533;54,645
01.01.01 3:39:50;1976;80,749;58,13
01.01.01 3:40:00;1943,8;78,141;56,207
01.01.01 3:40:10;1890,2;81,203;58,612
01.01.01 3:40:20;1889,2;77,606;59,686
01.01.01 3:40:30;1935,7;80,776;62,416
01.01.01 3:40:40;1939,6;78,436;63,33
01.01.01 3:40:50;1889,9;81,037;62,088
01.01.01 3:41:00;1962,4;77,249;64,431
01.01.01 3:41:10;1951,9;78,727;67,129
01.01.01 3:41:20;1976,7;82,384;65,833
01.01.01 3:41:30;1891,7;82,275;68,622
01.01.01 3:41:40;1924,2;79,145;67,471
01.01.01 3:41:50;1955,8;80,766;70,09
01.01.01 3:42:00;1894,7;79,148;68,921
01.01.01 3:42:10;1895,1;81,46;70,857
01.01.01 3:42:20;1965,8;77,199;72,26
01.01.01 3:42:30;1897,7;78,412;73,108
01.01.01 3:42:40;1920,1;81,727;75,107
01.01.01 3:42:50;1927,3;78,828;75,574
01.01.01 3:43:00;1875,5;79,197;75,179
01.01.01 3:43:10;1955,4;77,418;78,034
01.01.01 3:43:20;1928,5;78,935;81,333
01.01.01 3:43:30;1936,6;81,601;77,63
01.01.01 3:43:40;1943,5;79,319;80,574
01.01.01 3:43:50;1949,5;79,022;80,729
01.01.01 3:44:00;1974,5;80,814;85,066
01.01.01 3:44:10;1974,7;78,296;83,891
01.01.01 3:44:20;1935,3;77,475;84,232
01.01.01 3:44:30;1885,1;78,426;84,25
01.01.01 3:44:40;1939,3;77,964;86,714
01.01.01 3:44:50;1886,8;83,132;86,088
01.01.01 3:45:00;1909,3;84,459;89,12
01.01.01 3:45:10;1956,8;77,798;87,288
01.01.01 3:45:20;1978,5;83,59;87,971
01.01.01 3:45:30;1899,7;78,88;90,281
01.01.01 3:45:40;1982,8;85,288;93,995
01.01.01 3:45:50;1890,1;79,39;95,077
01.01.01 3:46:00;1949,4;80,278;95,973
01.01.01 3:46:10;1906,2;80,195;92,805
01.01.01 3:46:20;1872,8;78,454;92,03
01.01.01 3:46:30;1925,6;82,34;94,122
01.01.01 3:46:40;1969,4;82,681;96,746
01.01.01 3:46:50;1973,7;81,567;95,334
01.01.01 3:47:00;1953,8;80,734;99,977
01.01.01 3:47:10;1966,2;80,313;98,159
01.01.01 3:47:20;7,9;83,179;95,975
01.01.01 3:47:30;7,1;83,092;94,262
01.01.01 3:47:40;1;82,924;93,631
01.01.01 3:47:50;6,8;84,693;92,525
01.01.01 3:48:00;10,7;78,262;93,667
01.01.01 3:48:10;5,9;78,916;95,648
01.01.01 3:48:20;1,3;77,416;90,915
01.01.01 3:48:30;0;84,557;91,098
01.01.01 3:48:40;3,6;79,073;90,994
01.01.01 3:48:50;0,3;80,824;88,857
01.01.01 3:49:00;3,7;79,31;89,386
01.01.01 3:49:10;5,5;78,413;89,665
01.01.01 3:49:20;5,4;80,035;87,586
01.01.01 3:49:30;4,5;78,098;84,574
01.01.01 3:49:40;5,3;83,513;84,836
01.01.01 3:49:50;9,2;85,138;81,666
01.01.01 3:50:00;5,3;81,566;84,505
01.01.01 3:50:10;1,7;77,526;82,843
01.01.01 3:50:20;1,5;84,333;81,848
01.01.01 3:50:30;5,1;79,221;78,445
01.01.01 3:50:40;7,6;81,353;78,341
01.01.01 3:50:50;6,5;81,894;78,731
01.01.01 3:51:00;4,4;78,302;76,716
01.01.01 3:51:10;7,4;79,344;75,316
01.01.01 3:51:20;0,9;81,406;75,139
01.01.01 3:51:30;7,3;80,148;74,913
01.01.01 3:51:40;5;84,261;76,39
01.01.01 3:51:50;10;81,866;76,241
01.01.01 3:52:00;5,8;77,701;73,454
01.01.01 3:52:10;1,4;79,236;72,854
01.01.01 3:52:20;9;84,715;73,915
01.01.01 3:52:30;6,4;81,025;73,512
01.01.01 3:52:40;6,2;80,972;69,312
01.01.01 3:52:50;3,9;84,53;72,131
01.01.01 3:53:00;10,4;83,889;67,892
01.01.01 3:53:10;0,8;79,678;67,944
01.01.01 3:53:20;9;78,341;66,415
01.01.01 3:53:30;11,1;81,782;66,491
01.01.01 3:53:40;8,2;77,563;67,376
01.01.01 3:53:50;1,3;81,131;65,569
01.01.01 3:54:00;0;79,607;65,518
01.01.01 3:54:10;2,2;79,254;63,774
01.01.01 3:54:20;2,4;80,81;63,348
01.01.01 3:54:30;11,5;78,487;63,464
01.01.01 3:54:40;1801,6;81,407;62,704
01.01.01 3:54:50;1747,3;83,011;63,378
01.01.01 3:55:00;1728,6;77,649;67,376
01.01.01 3:55:10;1798,5;82,809;65,269
01.01.01 3:55:20;1773,6;78,247;69,539
01.01.01 3:55:30;1760,1;79,082;68,541
01.01.01 3:55:40;1800,8;84,737;68,16
01.01.01 3:55:50;1789,7;81,583;71,114
01.01.01 3:56:00;1724,9;78,6;70,196
01.01.01 3:56:10;1788,5;85,284;70,645
01.01.01 3:56:20;1730,8;82,287;71,873
01.01.01 3:56:30;1773,3;80,406;74,039
01.01.01 3:56:40;1777,7;81,796;76,137
01.01.01 3:56:50;1752,2;85,295;75,689
01.01.01 3:57:00;1726;80,156;76,863
01.01.01 3:57:10;1757;77,441;77,646
01.01.01 3:57:20;1765,7;78,222;79,483
01.01.01 3:57:30;1752,8;83,265;78,28
01.01.01 3:57:40;1707,6;83,924;79,638
01.01.01 3:57:50;1742,4;84,715;82,624
01.01.01 3:58:00;1777,3;84,917;79,621
01.01.01 3:58:10;1708,5;84,186;84,361
01.01.01 3:58:20;1775,4;79,68;84,357
01.01.01 3:58:30;1733,6;78,681;82,586
01.01.01 3:58:40;1766,1;80,46;85,114
01.01.01 3:58:50;1785,6;82,28;83,97
01.01.01 3:59:00;1758,8;79,007;88,502
01.01.01 3:59:10;1773,8;80,31;86,243
01.01.01 3:59:20;1701,3;79,533;86,231
01.01.01 3:59:30;1745,5;83,359;90,229
01.01.01 3:59:40;1693,9;83,747;87,154
01.01.01 3:59:50;1797,6;79,733;88,025
01.01.01 4:00:00;1735,5;81,147;92,874
01.01.01 4:00:10;1741,1;80,034;90,991
01.01.01 4:00:20;1718,9;82,024;90,279
01.01.01 4:00:30;1792;83,723;91,25
01.01.01 4:00:40;1737,5;80,228;91,248
01.01.01 4:00:50;1742,6;78,687;94,276
01.01.01 4:01:00;1782,6;78,58;92,678
01.01.01 4:01:10;1726,5;84,809;97,554
01.01.01 4:01:20;1706,1;83,54;97,609
01.01.01 4:01:30;1788,8;83,044;96,351
01.01.01 4:01:40;1748,3;79,17;99,211
01.01.01 4:01:50;1777,6;81,346;97,199
01.01.01 4:02:00;1741,1;83,842;100,307
01.01.01 4:02:10;1704,8;84,943;99,494
01.01.01 4:02:20;11,4;77,373;95,944
01.01.01 4:02:30;3,3;81,306;95,971
01.01.01 4:02:40;1,1;84,359;95,863
01.01.01 4:02:50;1,7;85,31;94,345
01.01.01 4:03:00;2;77,583;91,163
01.01.01 4:03:10;2,2;77,423;92,588
01.01.01 4:03:20;10,2;77,653;94,112
01.01.01 4:03:30;11,9;83,51;89,228
01.01.01 4:03:40;11,1;82,459;88,18
01.01.01 4:03:50;7,6;79,159;86,59
01.01.01 4:04:00;2,2;78,236;90,751
01.01.01 4:04:10;11,2;80,379;88,815
01.01.01 4:04:20;0,2;84,585;87,909
01.01.01 4:04:30;3,1;80,063;84,609
01.01.01 4:04:40;7,1;79,683;85,612
01.01.01 4:04:50;10;84,597;84,785
01.01.01 4:05:00;6,4;80,854;80,752
01.01.01 4:05:10;3,6;84,272;83,392
01.01.01 4:05:20;1,4;79,36;83,009
01.01.01 4:05:30;6,2;79,029;79,278
01.01.01 4:05:40;5,7;81,727;80,458
01.01.01 4:05:50;8,4;84,514;79,211
01.01.01 4:06:00;7,9;81,851;77,12
01.01.01 4:06:10;11,9;81,085;76,834
01.01.01 4:06:20;9,1;80,072;78,093
01.01.01 4:06:30;7,4;83,353;76,029
01.01.01 4:06:40;3;79,859;75,024
01.01.01 4:06:50;8,4;80,929;74,442
01.01.01 4:07:00;2,8;77,258;72,461
01.01.01 4:07:10;7,7;79,269;74,063
01.01.01 4:07:20;7;85,058;71,588
01.01.01 4:07:30;1;85,286;73,239
01.01.01 4:07:40;3,6;80,849;72,302
01.01.01 4:07:50;1,8;77,748;70,751
01.01.01 4:08:00;3,4;81,477;68,1
01.01.01 4:08:10;6,2;81,195;68,614
01.01.01 4:08:20;10,5;84,771;67,922
01.01.01 4:08:30;8,4;78,868;68,16
01.01.01 4:08:40;10;35,538;68,254
01.01.01 4:08:50;2,9;33,302;66,641
01.01.01 4:09:00;5,3;33,77;63,889
01.01.01 4:09:10;4,3;34,904;62,82
01.01.01 4:09:20;3,1;35,815;65,756
01.01.01 4:09:30;7,9;35,875;64,997
01.01.01 4:09:40;5,9;32,865;62,522
01.01.01 4:09:50;4,9;34,09;60,462
01.01.01 4:10:00;10,1;34,58;61,151
01.01.01 4:10:10;1,3;35,222;59,664
01.01.01 4:10:20;7,8;35,412;61,662
01.01.01 4:10:30;8,1;33,309;58,179
01.01.01 4:10:40;0,4;35,336;57,273
01.01.01 4:10:50;1,9;32,876;60,082
01.01.01 4:11:00;1,6;34,456;56,213
01.01.01 4:11:10;9,2;33,789;58,004
01.01.01 4:11:20;4,3;33,331;58,305
01.01.01 4:11:30;1,9;35,905;56,447
01.01.01 4:11:40;9,7;34,978;55,326
01.01.01 4:11:50;5;34,085;56,279
01.01.01 4:12:00;9,6;34,485;56,013
01.01.01 4:12:10;10,4;33,824;52,371
01.01.01 4:12:20;0,6;33,6;54,271
01.01.01 4:12:30;10,9;33,977;51,475
01.01.01 4:12:40;4,7;34,115;51,815
01.01.01 4:12:50;9,8;35,723;51,4
01.01.01 4:13:00;2;36,031;51,691
01.01.01 4:13:10;4,2;34,868;50,742
01.01.01 4:13:20;7,5;32,799;49,984
01.01.01 4:13:30;2,3;35,049;48,934
01.01.01 4:13:40;0;32,973;48,698
01.01.01 4:13:50;11,2;33,294;47,738
01.01.01 4:14:00;4,8;33,588;48,27
01.01.01 4:14:10;1,4;35,807;46,898
01.01.01 4:14:20;0,6;34,952;46,046
01.01.01 4:14:30;3,3;32,941;45,821
01.01.01 4:14:40;1,3;32,899;45,9
01.01.01 4:14:50;8,4;35,963;45,192
01.01.01 4:15:00;4,8;33,756;45,741
01.01.01 4:15:10;4,4;35,496;44,214
01.01.01 4:15:20;2,6;35,125;44,495
01.01.01 4:15:30;3,1;35,774;43,4
01.01.01 4:15:40;5,5;33,834;42,913
01.01.01 4:15:50;4,6;35,456;42,218
01.01.01 4:16:00;6,6;33,16;42,763
01.01.01 4:16:10;9,4;35,894;41,39
01.01.01 4:16:20;3,2;32,963;41,124
01.01.01 4:16:30;7,3;35,152;41,785
01.01.01 4:16:40;11,1;35,693;41,269
01.01.01 4:16:50;5,5;35,824;40,389
01.01.01 4:17:00;0,2;33,053;39,855
01.01.01 4:17:10;2,1;34,608;38,988
01.01.01 4:17:20;3,7;33,326;38,928
01.01.01 4:17:30;9;34,86;39,932
01.01.01 4:17:40;7,8;33,527;39,071
01.01.01 4:17:50;4;34,577;38,446
01.01.01 4:18:00;2;35,921;38,013
01.01.01 4:18:10;0,3;35,556;37,67
01.01.01 4:18:20;3,5;34,871;37,064
01.01.01 4:18:30;5,8;34,084;37,776
01.01.01 4:18:40;4;34,287;35,874
01.01.01 4:18:50;10,5;32,944;36,327
01.01.01 4:19:00;6,3;35,083;35,94
01.01.01 4:19:10;0,6;32,884;36,268
01.01.01 4:19:20;11,7;33,251;34,983
01.01.01 4:19:30;11,8;32,88;34,146
01.01.01 4:19:40;7,5;32,872;33,598
01.01.01 4:19:50;2,4;33,13;34,473
01.01.01 4:20:00;0,6;34,859;32,881
01.01.01 4:20:10;2,5;33,042;33,675
01.01.01 4:20:20;0,5;33,209;33,852
01.01.01 4:20:30;4,4;35,352;32,449
01.01.01 4:20:40;1,7;34,044;32,836
01.01.01 4:20:50;5,7;34,979;32,517
01.01.01 4:21:00;7,9;35,672;32,506
01.01.01 4:21:10;4,7;34,997;30,703
01.01.01 4:21:20;1,2;33,557;30,623
01.01.01 4:21:30;5,7;35,92;30,178
01.01.01 4:21:40;6,9;35,427;30,963
01.01.01 4:21:50;11,7;36,064;30,362
01.01.01 4:22:00;9,9;34,4;29,362
01.01.01 4:22:10;4,3;33,379;28,939
01.01.01 4:22:20;2,2;35,543;29,512
01.01.01 4:22:30;1,5;35,15;28,498
01.01.01 4:22:40;2,8;36,025;28,802
01.01.01 4:22:50;9,4;34,3;28,696
01.01.01 4:23:00;6,4;34,345;27,736
01.01.01 4:23:10;11,1;33,135;27,367
01.01.01 4:23:20;10,6;33,84;27,612
01.01.01 4:23:30;9,2;36,088;27,561
01.01.01 4:23:40;2,5;35,953;27,346
01.01.01 4:23:50;4,7;35,13;26,812
01.01.01 4:24:00;2,8;34,704;25,749
01.01.01 4:24:10;11,1;35,269;25,856
01.01.01 4:24:20;10,3;33,589;25,462
01.01.01 4:24:30;4,3;33,983;26,111
01.01.01 4:24:40;1,9;32,693;25,56
01.01.01 4:24:50;7,5;33,601;25,472
01.01.01 4:25:00;4,6;33,886;25,363
01.01.01 4:25:10;8,3;34,175;24,549
01.01.01 4:25:20;3,1;33,862;24,774
01.01.01 4:25:30;5,2;34,614;24,586
01.01.01 4:25:40;9,5;34,641;23,324
01.01.01 4:25:50;9,8;35,134;22,979
01.01.01 4:26:00;0,7;34,017;23,863
01.01.01 4:26:10;3;33,825;22,865
01.01.01 4:26:20;11,3;34,289;22,952
01.01.01 4:26:30;3,8;35,635;22,092
01.01.01 4:26:40;9,3;36,075;22,615
01.01.01 4:26:50;0,1;33,403;22,267
01.01.01 4:27:00;7,3;34,732;22,142
01.01.01 4:27:10;6,3;32,657;22,123
01.01.01 4:27:20;8,1;33,817;22,201
01.01.01 4:27:30;10,3;33,146;21,979
01.01.01 4:27:40;9;35,238;21,234
01.01.01 4:27:50;3,2;34,343;21,188
01.01.01 4:28:00;3,7;35,284;20,425
01.01.01 4:28:10;2,7;33,594;20,336
01.01.01 4:28:20;9,8;34,335;20,128
01.01.01 4:28:30;3,8;33,822;20,171
01.01.01 4:28:40;4,3;34,744;19,986
01.01.01 4:28:50;9,7;32,905;19,632
01.01.01 4:29:00;0,6;35,217;19,764
01.01.01 4:29:10;12;35,348;19,36
01.01.01 4:29:20;1,3;35,917;19,588
01.01.01 4:29:30;0,3;32,805;18,61
01.01.01 4:29:40;0,8;34,151;18,476
01.01.01 4:29:50;10;34,189;18,791
01.01.01 4:30:00;2,5;35,991;18,803
01.01.01 4:30:10;1,2;34,736;17,687
01.01.01 4:30:20;1,7;34,03;17,619
01.01.01 4:30:30;8,8;33,282;18,377
01.01.01 4:30:40;8,1;34,562;18,118
01.01.01 4:30:50;3,3;35,652;17,272
01.01.01 4:31:00;8,3;35,467;17,001
01.01.01 4:31:10;10,1;34,547;17,248
01.01.01 4:31:20;8,9;33,887;17,425
01.01.01 4:31:30;7,1;33,344;17,285
01.01.01 4:31:40;10,8;34,62;16,971
01.01.01 4:31:50;3,7;34,278;16,621
01.01.01 4:32:00;7,6;33,529;16,531
01.01.01 4:32:10;10,9;32,947;16,283
01.01.01 4:32:20;11,9;34,5;15,986
01.01.01 4:32:30;10,7;34,199;16,112
01.01.01 4:32:40;4,5;35,698;15,791
01.01.01 4:32:50;1,2;34,194;15,272
01.01.01 4:33:00;2,3;35,099;15,529
01.01.01 4:33:10;4,4;33,142;15,45
01.01.01 4:33:20;5,9;33,14;15,045
01.01.01 4:33:30;2,9;33,343;14,742
01.01.01 4:33:40;5,4;33,889;15,148
01.01.01 4:33:50;3,9;35,514;14,199
01.01.01 4:34:00;9;33,967;14,414
01.01.01 4:34:10;7,7;36,003;14,068
01.01.01 4:34:20;5,8;36,049;14,315
01.01.01 4:34:30;5;32,816;14,151
01.01.01 4:34:40;11,5;33,986;13,572
01.01.01 4:34:50;0,3;33,271;13,732
01.01.01 4:35:00;0,1;33,984;13,401
01.01.01 4:35:10;7,5;32,696;13,185
01.01.01 4:35:20;0,2;33,076;12,99
01.01.01 4:35:30;1,9;34,85;13,477
01.01.01 4:35:40;2,8;34,564;13,453
01.01.01 4:35:50;5,7;34,837;13,144
01.01.01 4:36:00;6,5;34,97;12,942
01.01.01 4:36:10;11,4;33,736;12,429
01.01.01 4:36:20;5,3;34,132;12,392
01.01.01 4:36:30;7,7;35,838;12,685
01.01.01 4:36:40;11,7;34,524;12,35
01.01.01 4:36:50;1,6;34,909;12,375
01.01.01 4:37:00;3,8;33,645;12,158
01.01.01 4:37:10;10,6;34,707;12,068
01.01.01 4:37:20;2,6;32,754;12,057
01.01.01 4:37:30;0,5;35,182;12,051
01.01.01 4:37:40;3,1;34,633;11,474
01.01.01 4:37:50;8,7;35,425;11,163
01.01.01 4:38:00;3,8;33,122;11,646
01.01.01 4:38:10;10,2;32,958;11,055
01.01.01 4:38:20;2,7;34,382;10,84
01.01.01 4:38:30;7,4;34,897;10,983
01.01.01 4:38:40;7,7;33,09;10,737
01.01.01 4:38:50;3,2;32,823;10,674
01.01.01 4:39:00;2,7;34,067;10,412
01.01.01 4:39:10;7,2;35,67;10,57
01.01.01 4:39:20;11,7;33,058;10,201
01.01.01 4:39:30;10,5;34,245;10,065
01.01.01 4:39:40;6,4;34,425;9,963
01.01.01 4:39:50;4,2;33,499;9,958
01.01.01 4:40:00;2,4;33,105;10,129
01.01.01 4:40:10;1,9;34,5;9,88
01.01.01 4:40:20;2,4;35,424;9,883
01.01.01 4:40:30;0,5;34,376;9,637
01.01.01 4:40:40;0,5;35,89;9,839
01.01.01 4:40:50;9,6;34,604;9,617
01.01.01 4:41:00;2;35,526;9,744
01.01.01 4:41:10;0,8;33,307;9,479
01.01.01 4:41:20;5;32,667;9,11
01.01.01 4:41:30;8;35,671;8,949
01.01.01 4:41:40;2,4;34,911;9,222
01.01.01 4:41:50;10,8;35,565;9,037
01.01.01 4:42:00;8,6;34,415;9,086
01.01.01 4:42:10;2,3;34,257;9,038
01.01.01 4:42:20;7,6;35,98;8,916
01.01.01 4:42:30;10,6;34,627;8,538
01.01.01 4:42:40;5,1;33,153;8,714
01.01.01 4:42:50;0,1;34,462;8,66
01.01.01 4:43:00;3,9;34,619;8,471
01.01.01 4:43:10;10,4;32,985;8,342
01.01.01 4:43:20;8,8;36,066;8,337
01.01.01 4:43:30;0,3;33,907;8,345
01.01.01 4:43:40;7,9;35,711;8,251
01.01.01 4:43:50;5,9;34,29;8,171
01.01.01 4:44:00;10,9;35,282;7,85
01.01.01 4:44:10;9,5;32,798;7,923
01.01.01 4:44:20;2,3;33,945;7,765
01.01.01 4:44:30;1,7;34,165;7,608
01.01.01 4:44:40;11,9;33,727;7,545
01.01.01 4:44:50;9,5;33,259;7,681
01.01.01 4:45:00;7,1;34,81;7,369
01.01.01 4:45:10;9,6;35,639;7,215
01.01.01 4:45:20;8,8;35,434;7,479
01.01.01 4:45:30;5,4;35,265;7,075
01.01.01 4:45:40;3,6;35,212;7,199
01.01.01 4:45:50;2,8;33,241;7,182
01.01.01 4:46:00;5;35,772;6,928
01.01.01 4:46:10;3,1;33,364;6,86
01.01.01 4:46:20;8;35,24;6,96
01.01.01 4:46:30;6,9;34,009;6,807
01.01.01 4:46:40;9,4;33,654;6,859
01.01.01 4:46:50;2;35,576;6,733
01.01.01 4:47:00;6,1;33,171;6,615
01.01.01 4:47:10;0,7;35,583;6,515
01.01.01 4:47:20;5,8;32,836;6,455
01.01.01 4:47:30;3,9;32,736;6,287
01.01.01 4:47:40;6,4;34,678;6,331
01.01.01 4:47:50;4,7;32,75;6,325
01.01.01 4:48:00;1,5;33,838;6,224
01.01.01 4:48:10;7,8;35,711;6,117
01.01.01 4:48:20;1,2;32,953;5,964
01.01.01 4:48:30;6,5;35,411;5,905
01.01.01 4:48:40;5,5;33,623;5,992
01.01.01 4:48:50;10,1;32,712;5,948
01.01.01 4:49:00;8,2;34,981;5,979
01.01.01 4:49:10;11,7;35,586;5,675
01.01.01 4:49:20;0,6;33,417;5,661
01.01.01 4:49:30;8,4;33,982;5,541
01.01.01 4:49:40;8,9;33,124;5,465
01.01.01 4:49:50;2,2;33,559;5,513
01.01.01 4:50:00;0,2;35,694;5,441
01.01.01 4:50:10;0,9;33,416;5,468
01.01.01 4:50:20;4,4;33,415;5,515
01.01.01 4:50:30;10,4;34,613;5,235
01.01.01 4:50:40;9,6;34,263;5,196
01.01.01 4:50:50;5,5;35,492;5,361
01.01.01 4:51:00;11,6;34,588;5,319
01.01.01 4:51:10;9,2;35,947;5,166
01.01.01 4:51:20;2;32,998;4,962
01.01.01 4:51:30;6,5;33,051;5,13
01.01.01 4:51:40;7,4;35,506;4,886
01.01.01 4:51:50;6,1;35,544;4,987
01.01.01 4:52:00;8,1;34,032;4,773
01.01.01 4:52:10;2,5;33,092;4,748
01.01.01 4:52:20;4,5;35,698;4,885
01.01.01 4:52:30;6,2;35,9;4,671
01.01.01 4:52:40;11,3;34,662;4,795
01.01.01 4:52:50;2,7;35,08;4,632
01.01.01 4:53:00;1,2;32,791;4,536
01.01.01 4:53:10;8,9;35,359;4,49
01.01.01 4:53:20;0;34,073;4,413
01.01.01 4:53:30;0,6;33,798;4,589
01.01.01 4:53:40;10,5;33,178;4,32
01.01.01 4:53:50;8,3;35,24;4,315
01.01.01 4:54:00;1,9;34,036;4,22
01.01.01 4:54:10;2,5;32,776;4,208
01.01.01 4:54:20;6,9;33,855;4,192
01.01.01 4:54:30;4,6;35,834;4,111
01.01.01 4:54:40;4,9;33,163;4,151
01.01.01 4:54:50;5,6;33,181;4,141
01.01.01 4:55:00;9,1;34,057;4,097
01.01.01 4:55:10;8,4;32,863;3,98
01.01.01 4:55:20;3,9;34,442;3,987
01.01.01 4:55:30;0,3;34,472;3,914
01.01.01 4:55:40;5;34,148;3,945
01.01.01 4:55:50;9,8;33,008;3,965
01.01.01 4:56:00;2;34,769;3,893
01.01.01 4:56:10;9,5;34,21;3,747
01.01.01 4:56:20;1,6;33,86;3,672
01.01.01 4:56:30;10,3;34,419;3,67
01.01.01 4:56:40;2,7;32,752;3,576
01.01.01 4:56:50;2,5;36,072;3,739
01.01.01 4:57:00;11,7;35,127;3,659
01.01.01 4:57:10;5,2;35,26;3,483
01.01.01 4:57:20;10,7;36,018;3,509
01.01.01 4:57:30;11;34,037;3,47
01.01.01 4:57:40;5,4;36,037;3,506
01.01.01 4:57:50;9,4;32,735;3,47
01.01.01 4:58:00;11,6;32,967;3,364
01.01.01 4:58:10;2,9;35,333;3,329
01.01.01 4:58:20;9,8;36,031;3,339
01.01.01 4:58:30;2,9;34,796;3,304
01.01.01 4:58:40;8,3;32,805;3,269
01.01.01 4:58:50;11,2;33,644;3,293
01.01.01 4:59:00;1,9;66,649;3,135
01.01.01 4:59:10;0,5;69,298;3,088
01.01.01 4:59:20;9,7;69,241;3,074
01.01.01 4:59:30;11,6;71,464;3,02
01.01.01 4:59:40;6,9;67,472;3,163
01.01.01 4:59:50;9,5;65,509;3,084
01.01.01 5:00:00;5,3;70,864;3,023
01.01.01 5:00:10;11,8;70,759;2,973
01.01.01 5:00:20;6,3;65,587;3,005
01.01.01 5:00:30;5,3;68,958;2,866
01.01.01 5:00:40;3,9;69,849;2,954
01.01.01 5:00:50;2;68,377;2,813
01.01.01 5:01:00;1,4;66,142;2,916
01.01.01 5:01:10;4,9;69,57;2,737
01.01.01 5:01:20;1,6;68,156;2,759
01.01.01 5:01:30;0,3;65,891;2,71
01.01.01 5:01:40;10,8;66,425;2,7
01.01.01 5:01:50;7,5;66,454;2,769
01.01.01 5:02:00;11,1;66,49;2,609
01.01.01 5:02:10;7,4;70,631;2,633
01.01.01 5:02:20;10,7;71,13;2,627
01.01.01 5:02:30;7,7;70,599;2,517
01.01.01 5:02:40;11,2;67,689;2,603
01.01.01 5:02:50;10,5;70,015;2,499
01.01.01 5:03:00;2,7;69,873;2,583
01.01.01 5:03:10;1612,4;69,068;4,15
01.01.01 5:03:20;1563,3;67,953;5,917
01.01.01 5:03:30;1531,2;72,122;7,264
01.01.01 5:03:40;1558,5;68,383;8,917
01.01.01 5:03:50;1615;66,546;10,309
01.01.01 5:04:00;1516,4;71,619;12,021
01.01.01 5:04:10;1524,3;67,65;13,838
01.01.01 5:04:20;1559,4;71,002;15,354
01.01.01 5:04:30;1591,7;71,82;16,889
01.01.01 5:04:40;1600,8;65,701;18,33
01.01.01 5:04:50;1594,3;67,079;19,274
01.01.01 5:05:00;1550,1;65,612;20,681
01.01.01 5:05:10;1552,3;71,836;22,622
01.01.01 5:05:20;1572,3;71,299;24,744
01.01.01 5:05:30;1546;71,718;26,008
01.01.01 5:05:40;1570,6;66,155;27,55
01.01.01 5:05:50;1535;70,558;28,982
01.01.01 5:06:00;1592;69,053;29,407
01.01.01 5:06:10;1524,3;69,28;30,945
01.01.01 5:06:20;1598;68,922;33,381
01.01.01 5:06:30;1595,8;68,863;34,722
01.01.01 5:06:40;1532,8;68,356;35,992
01.01.01 5:06:50;1561,4;68,796;35,683
01.01.01 5:07:00;1595,3;69,213;37,716
01.01.01 5:07:10;1593,7;68,992;38,33
01.01.01 5:07:20;1525,8;71,556;41,588
01.01.01 5:07:30;1538,1;70,045;40,821
01.01.01 5:07:40;1586,9;70,483;42,573
01.01.01 5:07:50;1555,7;71,552;43,329
01.01.01 5:08:00;1579;66,766;44,77
01.01.01 5:08:10;1606,2;66,843;48,078
01.01.01 5:08:20;1552,4;71,975;47,694
01.01.01 5:08:30;1572,5;67,288;47,983
01.01.01 5:08:40;1569,6;68,606;49,534
01.01.01 5:08:50;1518,8;68,421;53,026
01.01.01 5:09:00;1579,5;69,537;52,31
01.01.01 5:09:10;1575,3;68,324;54,775
01.01.01 5:09:20;1570,1;72,136;54,705
01.01.01 5:09:30;1528;70,392;55,025
01.01.01 5:09:40;1612,2;68,209;57,561
01.01.01 5:09:50;1587,9;69,881;56,768
01.01.01 5:10:00;1548,2;67,233;60,268
01.01.01 5:10:10;1531,2;65,732;60,402
01.01.01 5:10:20;1538,5;65,551;63,06
01.01.01 5:10:30;1544,3;68,026;61,87
01.01.01 5:10:40;1574,7;69,501;63,772
01.01.01 5:10:50;1533,4;68,499;64,517
01.01.01 5:11:00;1606,3;70,997;66,395
01.01.01 5:11:10;1570,3;67,996;68,544
01.01.01 5:11:20;1528,7;67,738;68,733
01.01.01 5:11:30;1563,8;65,977;68,603
01.01.01 5:11:40;1525,8;69,382;69,299
01.01.01 5:11:50;1539,4;70,562;68,737
01.01.01 5:12:00;1571,9;67,525;69,624
01.01.01 5:12:10;1562;71,461;73,281
01.01.01 5:12:20;1605,7;68,979;74,394
01.01.01 5:12:30;1559,6;67,19;75,812
01.01.01 5:12:40;1542,3;71,989;76,409
01.01.01 5:12:50;1575;70,029;75,605
01.01.01 5:13:00;1529,6;66,846;76,576
01.01.01 5:13:10;1586,2;71,767;78,432
01.01.01 5:13:20;1558;68,551;80,743
01.01.01 5:13:30;1566,1;66,656;80,494
01.01.01 5:13:40;1537;71,865;79,675
01.01.01 5:13:50;1526,3;69,056;79,675
01.01.01 5:14:00;1531,5;70,686;81,174
01.01.01 5:14:10;1553,3;66,532;83,889
01.01.01 5:14:20;1579,1;71,023;86,185
01.01.01 5:14:30;1525,2;68,564;85,395
01.01.01 5:14:40;1601,7;70,178;87,976
01.01.01 5:14:50;1585,3;71,289;87,824
01.01.01 5:15:00;1601,5;66,27;86,307
01.01.01 5:15:10;1579,6;71,999;88,315
01.01.01 5:15:20;1601,3;69,644;90,311
01.01.01 5:15:30;1561,4;66,086;88,594
01.01.01 5:15:40;1580,4;71,888;90,278
01.01.01 5:15:50;1560,5;71,498;93,413
01.01.01 5:16:00;1557;66,745;91,879
01.01.01 5:16:10;1574;69,896;94,948
01.01.01 5:16:20;1586;67,807;92,127
01.01.01 5:16:30;1607,9;66,483;93,831
01.01.01 5:16:40;1530,5;70,017;96,675
01.01.01 5:16:50;1528,9;71,907;94,585
01.01.01 5:17:00;1579,5;69,829;96,874
01.01.01 5:17:10;1583,2;66,566;95,752
01.01.01 5:17:20;1603,5;72,103;97,898
01.01.01 5:17:30;1528;68,024;97,281
01.01.01 5:17:40;11,8;67,036;95,71
01.01.01 5:17:50;0,2;70,611;97,919
01.01.01 5:18:00;10,3;71,457;95,23
01.01.01 5:18:10;5,4;69,724;94,712
01.01.01 5:18:20;4,5;69,466;93,725
01.01.01 5:18:30;9,1;67,205;92,497
01.01.01 5:18:40;6,2;67,358;90,19
01.01.01 5:18:50;5;65,57;91,315
01.01.01 5:19:00;9,8;68,163;88,007
01.01.01 5:19:10;8,4;66,386;87,127
01.01.01 5:19:20;2,5;68,575;86,962
01.01.01 5:19:30;7,6;65,443;88,094
01.01.01 5:19:40;6,7;66,065;87,743
01.01.01 5:19:50;11,6;69,505;86,271
01.01.01 5:20:00;6,2;65,811;86,333
01.01.01 5:20:10;4,1;70,54;82,594
01.01.01 5:20:20;7,3;69,779;84,585
01.01.01 5:20:30;2,8;70,116;82,027
01.01.01 5:20:40;11,9;69,722;82,528
01.01.01 5:20:50;5,8;67,677;78,897
01.01.01 5:21:00;7,1;67,801;80,841
01.01.01 5:21:10;1,6;69,216;78,365
01.01.01 5:21:20;6,2;71,046;79,046
01.01.01 5:21:30;5,5;71,757;78,697
01.01.01 5:21:40;8,4;67,067;77,173
01.01.01 5:21:50;4,4;66,26;74,317
01.01.01 5:22:00;0,3;66,733;75,7
01.01.01 5:22:10;10,4;67,173;74,42
01.01.01 5:22:20;10,2;68,798;74,766
01.01.01 5:22:30;7,1;68,991;74,138
01.01.01 5:22:40;10,4;70,252;73,967
01.01.01 5:22:50;2;68,774;72,797
01.01.01 5:23:00;7;70,895;69,44
01.01.01 5:23:10;8,7;71,697;70,015
01.01.01 5:23:20;10,4;70,143;70,627
01.01.01 5:23:30;3,6;71,054;70,038
01.01.01 5:23:40;11,1;71,526;69,375
01.01.01 5:23:50;7,7;70,785;65,868
01.01.01 5:24:00;3,7;67,71;68,703
01.01.01 5:24:10;7,4;67,664;66,461
01.01.01 5:24:20;7,3;65,964;65,245
01.01.01 5:24:30;3,5;71,19;64,536
01.01.01 5:24:40;6;71,468;63,714
01.01.01 5:24:50;3;68,027;61,805
01.01.01 5:25:00;11,4;70,706;62,182
01.01.01 5:25:10;5,6;68,764;61,578
01.01.01 5:25:20;0,1;72,165;59,94
01.01.01 5:25:30;0;68,77;62,054
01.01.01 5:25:40;4,6;66,679;60,004
01.01.01 5:25:50;11;71,55;58,79
01.01.01 5:26:00;1,8;65,688;58,402
01.01.01 5:26:10;0;69,74;58,263
01.01.01 5:26:20;3,2;70,852;59,696
01.01.01 5:26:30;7,6;71,13;58,1
01.01.01 5:26:40;3,1;67,433;57,874
01.01.01 5:26:50;4,7;66,678;55,471
01.01.01 5:27:00;4,9;65,736;54,544
01.01.01 5:27:10;4,6;69,918;55,916
01.01.01 5:27:20;10,9;69,334;53,25
01.01.01 5:27:30;9,2;67,15;52,524
01.01.01 5:27:40;4;70,48;54,09
01.01.01 5:27:50;7,6;66,396;53,893
01.01.01 5:28:00;1,9;69,974;52,365
01.01.01 5:28:10;5,6;69,115;50,881
01.01.01 5:28:20;7,1;30,211;52,037
01.01.01 5:28:30;5,4;30,229;51,481
01.01.01 5:28:40;1,4;29,818;51,312
01.01.01 5:28:50;9;29,712;50,997
01.01.01 5:29:00;11,2;32,688;49,844
01.01.01 5:29:10;4,7;32,016;48,995
01.01.01 5:29:20;10,1;29,839;48,782
01.01.01 5:29:30;11,4;29,69;48,423
01.01.01 5:29:40;11,4;31,512;46,794
01.01.01 5:29:50;1695,7;29,817;51,259
01.01.01 5:30:00;1704,4;30,551;55,618
01.01.01 5:30:10;1707,5;30,757;56,531
01.01.01 5:30:20;1722,9;30,528;61,206
01.01.01 5:30:30;1767,2;31,604;65,017
01.01.01 5:30:40;1754;30,476;67,451
01.01.01 5:30:50;1750,8;32,709;70,76
01.01.01 5:31:00;1719,7;31,889;76,171
01.01.01 5:31:10;1696,4;32,789;77,186
01.01.01 5:31:20;1749,8;30,743;83,18
01.01.01 5:31:30;1746,2;31,558;86,678
01.01.01 5:31:40;1732,1;32,614;89,313
01.01.01 5:31:50;1708,2;30,972;94,401
01.01.01 5:32:00;1737,6;31,24;96,031
01.01.01 5:32:10;1753,7;30,404;99,873
01.01.01 5:32:20;0,7;29,74;99,593
01.01.01 5:32:30;2,4;32,705;97,682
01.01.01 5:32:40;11,5;31,247;96,664
01.01.01 5:32:50;10,2;31,589;92,74
01.01.01 5:33:00;5,9;31,951;92,651
01.01.01 5:33:10;8,5;30,938;92,109
01.01.01 5:33:20;9,8;30,353;94,346
01.01.01 5:33:30;5,5;30,781;92,903
01.01.01 5:33:40;10,8;30,721;91,204
01.01.01 5:33:50;1,3;30,764;86,686
01.01.01 5:34:00;7,8;31,77;88,633
01.01.01 5:34:10;8,3;29,973;89,239
01.01.01 5:34:20;11,9;31,477;85,502
01.01.01 5:34:30;1,8;32,174;83,771
01.01.01 5:34:40;9,5;31,739;84,358
01.01.01 5:34:50;8,9;30,773;82,278
01.01.01 5:35:00;6,8;31,153;82,414
01.01.01 5:35:10;3,1;29,958;83,783
01.01.01 5:35:20;9,3;32,45;81,853
01.01.01 5:35:30;4;31,556;82,585
01.01.01 5:35:40;5,8;31,188;81,176
01.01.01 5:35:50;4,7;31,962;78,094
01.01.01 5:36:00;3,1;31,875;80,265
01.01.01 5:36:10;2;31,592;75,375
01.01.01 5:36:20;6,2;31,831;78,212
01.01.01 5:36:30;5,8;30,85;77,561
01.01.01 5:36:40;4,5;31,634;73,979
01.01.01 5:36:50;5,5;31,763;76,004
01.01.01 5:37:00;6,4;31,066;72,459
01.01.01 5:37:10;0,1;32,377;72,558
01.01.01 5:37:20;6,6;32,025;73,22
01.01.01 5:37:30;0,3;32,238;69,988
01.01.01 5:37:40;1,3;31,17;69,308
01.01.01 5:37:50;4,6;30,908;70,46
01.01.01 5:38:00;9,2;32,807;71,286
01.01.01 5:38:10;5,7;31,67;67,141
01.01.01 5:38:20;3,7;32,068;68,272
01.01.01 5:38:30;2,9;30,695;65,403
01.01.01 5:38:40;4,4;32,392;67,607
01.01.01 5:38:50;5,5;29,965;64,277
01.01.01 5:39:00;7,4;30,164;63,593
01.01.01 5:39:10;11,2;30,129;65,246
01.01.01 5:39:20;8,3;32,071;63,71
01.01.01 5:39:30;1,2;31,786;61,721
01.01.01 5:39:40;5,3;30,211;62,105
01.01.01 5:39:50;8;31,293;63,55
01.01.01 5:40:00;11,6;32,272;61,055
01.01.01 5:40:10;3,6;30,3;62,552
01.01.01 5:40:20;11,7;30,605;58,701
01.01.01 5:40:30;3,6;30,669;58,84
01.01.01 5:40:40;4,4;31,432;59,431
01.01.01 5:40:50;1,3;31,825;59,886
01.01.01 5:41:00;7,8;31,716;57,547
01.01.01 5:41:10;9,1;32,033;56,577
01.01.01 5:41:20;4,1;32,398;57,863
01.01.01 5:41:30;0,2;32,646;54,467
01.01.01 5:41:40;11,1;31,099;56,353
01.01.01 5:41:50;2,7;32,646;53,387
01.01.01 5:42:00;0,5;31,672;54,258
01.01.01 5:42:10;9,9;31,718;54,901
01.01.01 5:42:20;2,9;32,427;52,639
01.01.01 5:42:30;2;31,662;52,36
01.01.01 5:42:40;9,8;30,445;52,45
01.01.01 5:42:50;3,1;31,466;50,391
01.01.01 5:43:00;3,8;31,835;51,591
01.01.01 5:43:10;11,2;29,828;50,405
01.01.01 5:43:20;4,8;31,13;50,576
01.01.01 5:43:30;3,6;30,316;49,448
01.01.01 5:43:40;3,3;31,473;48,071
01.01.01 5:43:50;11,4;29,722;49,152
01.01.01 5:44:00;3,5;31,961;48,777
01.01.01 5:44:10;7,9;30,401;47,463
01.01.01 5:44:20;10,5;32,731;46,649
01.01.01 5:44:30;6,6;31,598;46,462
01.01.01 5:44:40;1,5;31,292;47,698
01.01.01 5:44:50;11,7;31,028;46,116
01.01.01 5:45:00;10,7;29,794;45,747
01.01.01 5:45:10;2,6;32,717;43,818
01.01.01 5:45:20;0,6;30,169;45,297
01.01.01 5:45:30;10,2;31,664;44,146
01.01.01 5:45:40;2,5;31,527;43,834
01.01.01 5:45:50;3,5;31,203;44,193
01.01.01 5:46:00;5,7;31,557;41,689
01.01.01 5:46:10;7,4;30,361;41,84
01.01.01 5:46:20;3,4;30,25;42,368
01.01.01 5:46:30;1,4;32,244;40,546
01.01.01 5:46:40;8,7;29,997;40,475
01.01.01 5:46:50;0,2;29,927;40,004
01.01.01 5:47:00;9,3;31,294;39,908
01.01.01 5:47:10;1,9;31,794;40,084
01.01.01 5:47:20;0,3;31,705;39,535
01.01.01 5:47:30;9,4;31,327;38,151
01.01.01 5:47:40;5;29,955;37,989
01.01.01 5:47:50;2,6;32,716;38,212
01.01.01 5:48:00;7,9;32,154;39,024
01.01.01 5:48:10;10;32,485;36,55
01.01.01 5:48:20;10;32,344;37,842
01.01.01 5:48:30;8,2;29,87;37,427
01.01.01 5:48:40;1,1;32,13;36,864
01.01.01 5:48:50;3;32,004;35,183
01.01.01 5:49:00;7,5;32,499;35,903
01.01.01 5:49:10;8,7;30,105;36,235
01.01.01 5:49:20;9;32,023;34,063
01.01.01 5:49:30;2,8;30,563;33,583
01.01.01 5:49:40;2,3;29,896;33,414
01.01.01 5:49:50;11,3;32,597;33,17
01.01.01 5:50:00;6,2;30,425;33,412
01.01.01 5:50:10;4,4;30,106;33,617
01.01.01 5:50:20;9,2;30,831;33,449
01.01.01 5:50:30;12;31,981;33,141
01.01.01 5:50:40;2,3;32,116;33,22
01.01.01 5:50:50;9,4;29,81;31,48
01.01.01 5:51:00;2,4;32,03;31,694
01.01.01 5:51:10;11,9;32,383;30,777
01.01.01 5:51:20;0,7;30,433;31,441
01.01.01 5:51:30;4,3;32,135;30,958
01.01.01 5:51:40;11,5;32,466;30,065
01.01.01 5:51:50;5,4;31,522;29,375
01.01.01 5:52:00;4,1;31,651;28,96
01.01.01 5:52:10;3,8;30,314;28,622
01.01.01 5:52:20;11,2;32,588;29,192
01.01.01 5:52:30;3,7;32,543;29,082
01.01.01 5:52:40;11,2;32,204;29,368
01.01.01 5:52:50;4,6;30,27;28,661
01.01.01 5:53:00;8,8;30,075;28,39
01.01.01 5:53:10;3,8;31,26;28,507
01.01.01 5:53:20;7,5;32,72;28,029
01.01.01 5:53:30;2,6;32,7;26,415
01.01.01 5:53:40;11,1;30,567;26,798
01.01.01 5:53:50;2,8;30,974;27,384
01.01.01 5:54:00;8,7;32,229;26,968
01.01.01 5:54:10;6;31,482;26,027
01.01.01 5:54:20;6,6;31,122;25,659
01.01.01 5:54:30;3,9;32,592;26,309
01.01.01 5:54:40;3,7;31,73;24,909
01.01.01 5:54:50;7,1;31,973;25,107
01.01.01 5:55:00;6,6;32,733;25,112
01.01.01 5:55:10;9,6;30,334;24,603
01.01.01 5:55:20;4,8;31,51;25,057
01.01.01 5:55:30;9,2;31,556;23,697
01.01.01 5:55:40;8,3;30,276;24,554
01.01.01 5:55:50;1,1;30,217;23,446
01.01.01 5:56:00;6;29,882;23,11
01.01.01 5:56:10;9,7;31,403;23,485
01.01.01 5:56:20;5,1;30,613;22,31
01.01.01 5:56:30;11,2;31,194;23,277
01.01.01 5:56:40;2,9;32,013;21,897
01.01.01 5:56:50;1,6;32,661;21,616
01.01.01 5:57:00;2,2;30,834;22,45
01.01.01 5:57:10;3,3;31,787;22,382
01.01.01 5:57:20;3,8;31,173;21,28
01.01.01 5:57:30;0,6;31,126;21,247
01.01.01 5:57:40;10,7;31,855;21,554
01.01.01 5:57:50;4,5;31,774;21,366
01.01.01 5:58:00;5,6;32,534;21,168
01.01.01 5:58:10;10,5;30,126;20,742
01.01.01 5:58:20;11,3;32,205;19,863
01.01.01 5:58:30;6,1;30,823;19,736
01.01.01 5:58:40;9,9;32,509;19,364
01.01.01 5:58:50;8,2;30,05;20,024
01.01.01 5:59:00;7,3;30,903;19,326
01.01.01 5:59:10;9,2;31,405;19,474
01.01.01 5:59:20;11,8;31,748;19
01.01.01 5:59:30;7,6;30,392;19,376
01.01.01 5:59:40;8,7;32,508;18,434
01.01.01 5:59:50;10,9;31,681;18,791
01.01.01 6:00:00;3,4;31,056;18,448
01.01.01 6:00:10;11,1;30,487;17,734